listing_id,title,monthly_rent_npr,area_sqft_approx,road_width_ft,location,ward,municipality,district,property_type,house_type,direction,bedrooms,bathrooms,living_rooms,kitchens,total_rooms,parking,built_up_sqft,no_of_flats,built_year,description,city,source
9541,House for rent,75000.0,1197.88,14.0,"Samakhusi 26 Kathmandu Metropolis Kathmandu, Bagmati",26.0,Kathmandu Metropolis,Kathmandu,house,Furnished,North,,4.0,3.0,2.0,8.0,Car 1,2200.0,2.5,2072,Prime location. Posh area.,kathmandu,gharghaderi.com
9464,"House on rent: Civil Homes Phase VII, Nagarjun-6",50000.0,1026.75,10.0,"Sitapaila 6 Kathmandu Metropolis Kathmandu, Bagmati",6.0,Kathmandu Metropolis,Kathmandu,house,Residential,Select Direction,3.0,3.0,1.0,1.0,5.0,Cars 3-5,850.0,2.0,2075,"A well-maintained house on 2.5 anna land is available for sale in the peaceful and secure Civil Homes Phase VII, Block D, Nagarjun-6. Property Highlights: Prime location within a well-established residential colony Approximately 2 km from Bafal Chowk Ample car parking space Ideal for a family residence Reliable water supply with no water shortage Friendly, decent, and cooperative neighborhood Safe and peaceful environment Easy access to schools, shops, hospitals, and public transportation This property offers comfortable living in a desirable residential community, making it an excellent choice for families seeking convenience, security, and a pleasant neighborhood.",kathmandu,gharghaderi.com
9361,4 BHK Semi Furnished House for Rent at Bhaisepati,119999.0,1540.12,12.0,"Bhaisepati 18 Kathmandu Metropolis Kathmandu, Bagmati",18.0,Kathmandu Metropolis,Kathmandu,house,Residential,South,4.0,4.0,1.0,1.0,5.0,Cars 2,1600.0,2.5,2070,"4BHK Semi Furninsed house on rent at Bhaisepati. 4 Rooms, Toilet ( 2 Attached, 2 Common) 1 Living, Kitchen, Store room 2 Car Parking space (inside colony with gaurd and sound pavement)",kathmandu,gharghaderi.com
9087,House on Rent at Koteswor for Office or Restaurant in Prime Area,250000.0,3935.88,26.0,"Koteswor 32 Kathmandu Metropolis Kathmandu, Bagmati",32.0,Kathmandu Metropolis,Kathmandu,house,Commercial,South,7.0,5.0,1.0,1.0,9.0,Cars 5-10,3100.0,2.5,2065,,kathmandu,gharghaderi.com
9034,Fully-Furnished House on rent at Budhanilkantha,120000.0,1369.0,13.0,"Budhanilkantha Kathmandu Metropolis Kathmandu, Bagmati",,Budhanilkantha Kathmandu Metropolis,Kathmandu,house,Residential,South,5.0,3.0,2.0,1.0,,Car 1,,,Select Year,"Fully-Furnished House on rent at Budhanilkantha, Ktm Key Features: Property Code:-HR 260 Rent :- 120k Per Month Location:-Budhanilkantha, Roadshow 5BHK House Bedrooms:- 5 Bathrooms:- 3 Living Hall:-2 Modular Kitchen & Dining:-1 Furnishings:-Fully-Furnished Parking;-1 car,few bikes Contact Us Phone Numbers –  9766389438 – 984-5877861 –  9762791734 –  9762791735 – 9864032233 Landline number +97715253861 ️ Facilities – ️ Electricity – ️ Cable Connection – ️ Peaceful Environment – ️ 24/7 Water Supply – ️ No Vehicle & Sound Pollution For More Information Contact Details Indus Property Nepal Pvt. Ltd Email: [](mailto:) Website: [ Facebook Page: [Indus Property]( Instagram: [Contact Us](",kathmandu,gharghaderi.com
9013,"House for rent near Neurological Hospital, Bansbari sold",130000.0,,12.0,"Bansbari-3 3 Kathmandu Metropolis Kathmandu, Bagmati",3.0,Kathmandu Metropolis,Kathmandu,house,Bungalow,East,5.0,6.0,2.0,1.0,8.0,Cars 2,1.0,2.5,2065,"2.5 storied semi-furnished house on rent - 300 meter opposite from Neurological Hospital, Bansbari-3. This house is suitable for residential or small office purpose. Structure of the house: Ground floor: 1 common room, 1 common bathroom, 1 living room, 1 kitchen/dining including a small lobby First floor: 2 attached rooms, 1 common room, 1 lobby Second floor: 1 attached room Roof top: 2 stores and 1 common toilet Parking space: 2 cars and 10 motorbikes Kitchen garden: approx. 2.5 anna for kitchen gardening or to be used for parking or temporary structures All basic facilities of electricity, water, 260 feet deep boring and underground reserve tank of 12,000 liters available.",kathmandu,gharghaderi.com
8929,"Fully-Furnished House on rent at Maitinagar, Kalanki",75000.0,1369.0,20.0,"Maitinagar Kathmandu Metropolis Kathmandu, Bagmati",,Maitinagar Kathmandu Metropolis,Kathmandu,house,Residential,South,3.0,4.0,1.0,1.0,,Car 1,,,Select Year,"Fully-Furnished House on rent at Maitinagar,Kalanki Key Features: Property Code:-HR 263 Rent :- 75k Per Month Location:-Maitinagar 3BHK House Bedrooms:-3 Bathrooms:- 4 Living Hall:-1 Modular Kitchen & Dining:-1 2 TV,/ 1 Washing machine, Contact Us Phone Numbers – 984-5877861 –  9766389438 –  9762791734 –  9762791735 – 9864032233 Landline number +97715253861 ️ Facilities – ️ Electricity – ️ Cable Connection – ️ Peaceful Environment – ️ 24/7 Water Supply – ️ No Vehicle & Sound Pollution For More Information Contact Details Indus Property Nepal Pvt. Ltd Email: [](mailto:) Website: [ Facebook Page: [Indus Property]( Instagram: [Contact Us]( #realestateagent #propertyinnepall #foryoupagereels #trendingreelsvideo #kathmandu #lalitpur #Induspropertynepal #TrustedRealEstateExpert #realestateexpertpert #toprealestat",kathmandu,gharghaderi.com
8711,"Beautiful House on rent at Imadol, Lalitpur",60000.0,1369.0,13.0,"Imadol Kathmandu Metropolis Kathmandu, Bagmati",,Imadol Kathmandu Metropolis,Kathmandu,house,Residential,South,4.0,3.0,2.0,2.0,,Car 1,,,Select Year,"Fully-Furnished House on rent at Imadol, Lalitpur Key Features: Property Code:-HR 259 Rent :- 60k Per Month Location:-Imadol Bedrooms:- 4 Bathrooms:- 2 Living Hall:-2 Modular Kitchen & Dining:-2 Furnishings:-Fully-Furnished Parking:- 1 car Contact Us Phone Numbers 984-5877861 –  9762791734 –  9762791735 – 9864032233 Landline number +97715253861 ️ Facilities – ️ Electricity – ️ Cable Connection – ️ Peaceful Environment – ️ 24/7 Water Supply – ️ No Vehicle & Sound Pollution For More Information Contact Details Indus Property Nepal Pvt. Ltd Email: [](mailto:) Website: [ Facebook Page: [Indus Property]( Instagram: [Contact Us]( #realestateagent #propertyinnepall #foryoupagereels #trendingreelsvideo #kathmandu #lalitpur #Induspropertynepal #TrustedRealEstateExpert #realestateexpertpert #toprealestat",kathmandu,gharghaderi.com
8702,"Fully-Furnished House on rent at Kalanki, Kathmandu",165000.0,4449.25,20.0,"Kalanki Kathmandu Metropolis Kathmandu, Bagmati",,Kalanki Kathmandu Metropolis,Kathmandu,house,Residential,South,4.0,4.0,1.0,1.0,,Cars 2,,,Select Year,"Fully-Furnished House on rent at Kalanki, Kathmandu Key Features: Property Code:-HR 258 Rent :- 165k Per Month Location:-Kalanki Bedrooms:- 4 Bathrooms:- 1 (3 Attached) Living Hall:-1 Modular Kitchen & Dining:-1 Furnishings:-Fully-Furnished Contact Us Phone Numbers 984-5877861 –  9762791734 –  9762791735 – 9864032233 Landline number +97715253861 ️ Facilities – ️ Electricity – ️ Cable Connection – ️ Peaceful Environment – ️ 24/7 Water Supply – ️ No Vehicle & Sound Pollution For More Information Contact Details Indus Property Nepal Pvt. Ltd Email: [](mailto:) Website: [ Facebook Page: [Indus Property]( Instagram: [Contact Us]( #realestateagent #propertyinnepall #foryoupagereels #trendingreelsvideo #kathmandu #lalitpur #Induspropertynepal #TrustedRealEstateExpert #realestateexpertpert #toprealestat",kathmandu,gharghaderi.com
8571,house on rent at dhumbarahi sold,100000.0,1540.12,13.0,"Dhumbarahi Kathmandu Metropolis Kathmandu, Bagmati",,Dhumbarahi Kathmandu Metropolis,Kathmandu,house,Residential,Select Direction,6.0,4.0,2.0,2.0,,,,2.5,Select Year,,kathmandu,gharghaderi.com
8569,house on rent at baluwatar 2.75 lakhs per month sold,275000.0,1540.12,,"Baluwatar Kathmandu Metropolis Kathmandu, Bagmati",,Baluwatar Kathmandu Metropolis,Kathmandu,house,Residential,Select Direction,7.0,4.0,1.0,1.0,,,,2.5,Select Year,house on rent at Baluwatar 7bhk 4 bathroom 270k nego ===================== Code:FHS524R Call Viber WhatsApp Wechat 9813794428 9863680035 *Free service for clients (ग्राहकलाई नि:शुल्क सेवा),kathmandu,gharghaderi.com
8513,"Building on Rent - Gairidhara, Bluwatar",249999.0,4791.5,,"Baluwatar Kathmandu Metropolis Kathmandu, Bagmati",,Baluwatar Kathmandu Metropolis,Kathmandu,house,Choose Type,East,,,,,,Cars 3-5,,3.5,Select Year,Building on Rent 3.5 Storey Good for both office and Residential Purpose 15 rooms  3 attached bathroom ware house Parking Garden Sunny Area 9801819034 9801341285,kathmandu,gharghaderi.com
8498,house on rent at  budhanilkantha,420000.0,,,"budhanilkantha Budhanilkantha Kathmandu, Bagmati",,,Kathmandu,house,Choose Type,Select Direction,4.0,3.0,1.0,1.0,,,,2.5,Select Year,"house on rent at budhanilkantha near park village hotel 4 beds, one attach bathroom, 3 bathrooms, dining, living, kitchen, store, guard , land 800 square meters, lately rented by Australian embassy. Rent $3000. Earthquake resistance approved FHS522R ================ Code: FHS522R Call Viber WhatsApp 014720882 , 9863680035 *Free service for clients (ग्राहकलाई नि:शुल्क सेवा)",kathmandu,gharghaderi.com
8469,Baluwator - Fully Furnished Banglow House on rent,200000.0,2224.62,,"Baluwatar Kathmandu Metropolis Kathmandu, Bagmati",,Baluwatar Kathmandu Metropolis,Kathmandu,house,Furnished,Select Direction,4.0,2.0,2.0,1.0,,Cars 2,,2.5,Select Year,Fully Furnished Banglow House on rent Ac Room Car Parking Gym Hall 6.5 Aana Garden Standard Modular Kitchen Enough Sunrise Peace and Cool Environment,kathmandu,gharghaderi.com
8444,"Beautiful House on rent at Shyambhu, Kathmandu",72000.0,1540.12,13.0,"shyambhu Budhanilkantha Kathmandu, Bagmati",,,Kathmandu,house,Residential,South,4.0,2.0,1.0,1.0,,Car 1,,,Select Year,"House on rent at Shyambhu, Kathmandu Key Features: Property Code:-HR 241 Price :- 72k Per Month Location:- Shyambhu Bedrooms:- 4 Bathrooms:-2 Living Hall:-1 Modular Kitchen & Dining:-1 Furnishings:-Non -Furnished Facing:- South Parking:- 1 car, Few bikes Contact Us Phone Numbers 984-5877861 –  9762791734 –  9762791735 – 9864032233 Landline number +97715253861 ️ Facilities – ️ Electricity – ️ Cable Connection – ️ Peaceful Environment – ️ 24/7 Water Supply – ️ No Vehicle & Sound Pollution For More Information Contact Details Indus Property Nepal Pvt. Ltd Email: [](mailto:) Website: [ Facebook Page: [Indus Property]( Instagram: [Contact Us]( #realestateagent #propertyinnepall #foryoupagereels #trendingreelsvideo #kathmandu #lalitpur #Induspropertynepal #TrustedRealEstateExpert #realestateexpertpert #toprealestateagent #propertynepalofficial #nepalhousingmarket",kathmandu,gharghaderi.com
8420,house on rent at  dhumbarahi sold,200000.0,,13.0,"Dhumbarahi Kathmandu Metropolis Kathmandu, Bagmati",,Dhumbarahi Kathmandu Metropolis,Kathmandu,house,Residential,Select Direction,5.0,5.0,1.0,1.0,,,,2.5,Select Year,House On Rent at dhumbarahi 5bhk 5 bathroom rent 200k ================ Code:FHS522R 014720882 9863680035 . *Free service for clients (ग्राहकलाई नि:शुल्क सेवा),kathmandu,gharghaderi.com
8391,"Beautiful House on rent at Sano bharyang, Kathmandu",80000.0,1369.0,13.0,"Sano bharyang Kathmandu Metropolis Kathmandu, Bagmati",,Sano bharyang Kathmandu Metropolis,Kathmandu,house,Residential,South,4.0,3.0,1.0,1.0,,Car 1,,,Select Year,"Beautiful House on rent at Sano Bharyang, Kathmandu Key Features: Property Code:-HR 235 Price :- 80k Per Month Location:- Sano Bharyang Bedrooms:- 4 Bathrooms:-3 Living Hall:-1 Modular Kitchen & Dining:-1 Furnishings: Non -Furnished Facing:- South Parking:- 1 Contact Us Phone Numbers –  984-5877861 –  9762791734 –  9762791735 – 9864032233 Landline number +97715253861 ️ Facilities – ️ Electricity – ️ Cable Connection – ️ Peaceful Environment – ️ 24/7 Water Supply – ️ No Vehicle & Sound Pollution For More Information Contact Details Indus Property Nepal Pvt. Ltd Email: [](mailto:) Website: [ Facebook Page: [Indus Property]( Instagram: [Contact Us]( #realestateagent #propertyinnepall #foryoupagereels #trendingreelsvideo #kathmandu #lalitpur #Induspropertynepal #TrustedRealEstateExpert #realestateexpertpert #toprealestateagent #propertynepalofficial #nepalhousingmarket",kathmandu,gharghaderi.com
8372,house on rent at golfutar sold,180000.0,10952.0,,"Hattigauda Budhanilkantha Kathmandu, Bagmati",,,Kathmandu,house,Choose Type,Select Direction,4.0,5.0,2.0,1.0,,,,2.5,Select Year,House on rent hattigauda 2 ropani land 5 bedroom 2 big hall kitchen dining 4(1 attached bathroom) 16 ft road rent 180k nego ================ Code:FHS521R Call Viber WhatsApp 014720882 9863680035 *Free service for clients (ग्राहकलाई नि:शुल्क सेवा),kathmandu,gharghaderi.com
8333,House For Rent At Budhanilkantha 22 aana 40k per month sold,400000.0,7529.5,20.0,"ganeshchowk Budhanilkantha Kathmandu, Bagmati",,,Kathmandu,house,Residential,South,5.0,4.0,1.0,1.0,,,,2.5,Select Year,house on rent at ganesh chowk budhanilkantha 22 aana 5bhk 4 bathroom 4000sqft south face 20ft road rent 400k nego just 100 meter from main road ===================== Code:FHS519R Call Viber WhatsApp Wechat 014720882 9863680035 *Free service for clients (ग्राहकलाई नि:शुल्क सेवा),kathmandu,gharghaderi.com
8324,House on rent at budhanilkantha 5bhk 4 bathroom semi furnished house in colony rent,130000.0,1540.12,,"budhanilkantha Budhanilkantha Kathmandu, Bagmati",,,Kathmandu,house,Residential,Select Direction,5.0,3.0,1.0,1.0,,,,2.5,Select Year,House on rent at budhanilkantha 5bhk 4 bathroom semi furnished house in colony rent 130k ===================== Code: FHS518R Call Viber WhatsApp Wechat 014720882 9863680035 *Free service for clients (ग्राहकलाई नि:शुल्क सेवा),kathmandu,gharghaderi.com
8301,House for rent at swayambhu sold,75000.0,1369.0,13.0,"swayambhu Nagarjun Kathmandu, Bagmati",,,Kathmandu,house,Choose Type,Select Direction,4.0,3.0,1.0,1.0,,,,2.5,Select Year,,kathmandu,gharghaderi.com
8272,House for rent at chappalkarkhana,330000.0,11294.25,16.0,"chappalkarkhana Kathmandu Metropolis Kathmandu, Bagmati",,chappalkarkhana Kathmandu Metropolis,Kathmandu,apartments,Residential,West,5.0,5.0,1.0,,,,,2.5,Select Year,house on rent chapalkharkhana 5Bhk 5 bathroom 33 aana land 16ft road west face security room servant quarter rent 330k near ring road ================ Code:FHS516R Call Viber WhatsApp 9863680035 *Free service for clients (ग्राहकलाई नि:शुल्क सेवा),kathmandu,gharghaderi.com
8268,"2.5 Storey Bungalow House Rent in Gurjudhara, Satungal, Chandragiri, Kathmandu",52000.0,1369.0,12.0,"gurjudhara 8 Chandragiri Kathmandu, Bagmati",8.0,,Kathmandu,house,Residential,South West,5.0,3.0,1.0,1.0,7.0,Car 1,900.0,2.5,2079,"# Price : 52,000 # Furniture : Non Furnished # Type : Residential # Facing : South – West # Located near Embossed Number Plate Registration Office # Ground Floor : 1 living room, 1 kitchen, 1 bathroom &  1 laundry room # First Floor : 3 bedroom, 1 bathroom & 2 balcony # Second Floor : 2 bedroom, 1 bathroom, 1 store room or pooja room & terrace # Third Floor : Rooftop (kausi) # Public Transportation : 300 meter # Water : Available (pipeline) # Land Size : 4 aana # Road Size : 12 ft pitched # Parking : 1 four wheeler & 1 two wheeler",kathmandu,gharghaderi.com
8261,House On Rent At Budhanilkantha 1 lakh 50 hajar per month sold,150000.0,1711.25,13.0,"budhanilkantha Budhanilkantha Kathmandu, Bagmati",,,Kathmandu,house,Residential,South,4.0,3.0,1.0,1.0,,,,2.5,Select Year,house on rent at budhanilkantha 4bhk east & south face 13ft road semi furnished 150k nego near rudreshwor chowk ============= Code: FHS515R Call Viber WhatsApp 9863680035 *Free service for clients (ग्राहकलाई नि:शुल्क सेवा),kathmandu,gharghaderi.com
8139,"Residential House for rent in Nagarjun-6, Sitapaila inside Civil Homes Phase VII",55000.0,787.17,13.0,"Sitapaila 6 Kathmandu Metropolis Kathmandu, Bagmati",6.0,Kathmandu Metropolis,Kathmandu,house,Residential,West,3.0,3.0,1.0,1.0,6.0,Cars 5-10,1400.0,2.5,2075,"Residential house inside Civil Homes Phase VII Colony with 3 Bedrooms, 3 bathrooms (1 attached with bedroom), 1 Kitchen, 1 Big Hall and small garden space at entrance. Ample car parking space inside residential housing. Security 24/7, Ample water supply Situated at quiet and pollution free area.",kathmandu,gharghaderi.com
8130,"House on rent at Maharajgunj, Kathmandu 1 lakhs 50 thousands per months",150000.0,1540.12,13.0,"Maharajgunj Kathmandu Metropolis Kathmandu, Bagmati",,Maharajgunj Kathmandu Metropolis,Kathmandu,house,Residential,South,4.0,3.0,1.0,1.0,,Car 1,,,Select Year,"Houses on Rent at Maharajgunj, Kathmandu Key Features: Property Code:-HR 219 Price :- 150k per month Location:-Maharajgunj, Chapal karkhana Bedrooms:- 4 Bathrooms:-3 Living Hall:-1 Modular Kitchen & Dining:-1 Furnishings: Semi-Furnished Facing:- South Parking:- 1car,few bikes Road Access:- 13Ft Contact Us Phone Numbers –  984-5877861 –  9762791734 –  9762791735 – 9864032233 – 9766389438 – Landline number +97715253861 ️ Facilities – ️ Electricity – ️ Cable Connection – ️ Peaceful Environment – ️ 24/7 Water Supply – ️ No Vehicle & Sound Pollution For More Information Contact Details Indus Property Nepal Pvt. Ltd Email: [](mailto:) Website: [ /> Facebook Page: [Indus Property]( /> Instagram: [Contact Us]( />#Induspropertynepal #realestateagent #propertyinnepall #foryoupagereels #trendingreelsvideo #kathmandu #lalitpur #Induspropertynepal #TrustedRealEstateExpert #realestateexpertpert #toprealestateagent #propertynepalofficial #nepalhousingmarket",kathmandu,gharghaderi.com
7994,House for rent in Tarakeshwar,55000.0,1711.25,24.0,"Dharmasthali 6 Tarakeshwar Kathmandu, Bagmati",6.0,,Kathmandu,house,Residential,South,5.0,3.0,2.0,2.0,6.0,Cars 2,2800.0,2.5,2078,,kathmandu,gharghaderi.com
7954,House On Rent built on 11 aana land  2.50 lakh per month,250000.0,3764.75,11.0,"Baneshwor Kathmandu Metropolis Kathmandu, Bagmati",,Baneshwor Kathmandu Metropolis,Kathmandu,house,Semi-commercial,North,8.0,6.0,4.0,4.0,12.0,Cars 5-10,5500.0,4.5,2071,"आफ़िसिअल घरहरु भाडामा सेन्ट्रल बानेश्वर चोक देखि १०० मीटरको दुरीमा १०.५ आना बनेको ४.५ तल्ले 5500 व. फीट घर भाडामा Manpower, consultancy तथा Office हरुको लागि अति उत्तम Rent 2.5 L",kathmandu,gharghaderi.com
7928,"House on rent at Baluwatar, Kathmandu 1.20k per month",120000.0,1026.75,13.0,"Baluwatar Kathmandu Metropolis Kathmandu, Bagmati",,Baluwatar Kathmandu Metropolis,Kathmandu,house,Residential,South,4.0,2.0,1.0,1.0,,Car 1,,,Select Year,"House on Rent at Baluwatar, Kathmandu Key Features: Property Code:-HR 211 Price :- 120K Per Month Location:- Baluwatar Bedrooms:- 4 Bathrooms:-2 Living Hall:-1 Modular Kitchen & Dining:-1 Furnishings: Non-Furnished Facing:- South Parking:-1Car, Few Bikes Road Access:- 13Ft Storey:-3 Contact Us Phone Numbers –  984-5877861 –  9762791734 –  9762791735 – 9864032233 – 9766389438 ️ Facilities – ️ Electricity – ️ Cable Connection – ️ Peaceful Environment – ️ 24/7 Water Supply – ️ No Vehicle & Sound Pollution For More Information Contact Details Indus Property Nepal Pvt. Ltd Email: [](mailto:) Website: [ /> Facebook Page: [Indus Property]( /> Instagram: [Contact Us]( />#Induspropertynepal #realestateagent #propertyinnepall #foryoupagereels #trendingreelsvideo #kathmandu #lalitpur #Induspropertynepal #TrustedRealEstateExpert #realestateexpertpert #toprealestateagent #propertynepalofficial #nepalhousingmarket",kathmandu,gharghaderi.com
7920,"House on rent at Maharajgunj, Kathmandu 150k per month",150000.0,1197.88,13.0,"Maharajgunj Kathmandu Metropolis Kathmandu, Bagmati",,Maharajgunj Kathmandu Metropolis,Kathmandu,house,Residential,South,4.0,3.0,1.0,1.0,,Car 1,,,Select Year,"Beautiful Houses on Rent at Maharajgunj, Kathmandu Key Features: Property Code:-HR 210 Price :- 150K Per Month Location:-Maharajgunj, chapal karkhana Bedrooms:- 4 Bathrooms:-3 Living Hall:-1 Modular Kitchen & Dining:-1 Furnishings: Semi-Furnished Facing:- South Parking:-1Car, Few Bikes Road Access:- 13Ft Storey:-2.5 Contact Us Phone Numbers –  984-5877861 –  9762791734 –  9762791735 – 9864032233 – 9766389438 ️ Facilities – ️ Electricity – ️ Cable Connection – ️ Peaceful Environment – ️ 24/7 Water Supply – ️ No Vehicle & Sound Pollution For More Information Contact Details Indus Property Nepal Pvt. Ltd Email: [](mailto:) Website: [ /> Facebook Page: [Indus Property]( /> Instagram: [Contact Us]( />#Induspropertynepal #realestateagent #propertyinnepall #foryoupagereels #trendingreelsvideo #kathmandu #lalitpur #Induspropertynepal #TrustedRealEstateExpert #realestateexpertpert #toprealestateagent #propertynepalofficial #nepalhousingmarket",kathmandu,gharghaderi.com
7846,"House on rent at Budhanilkanth, Kathmandu",150000.0,1197.88,13.0,"Sunder basti Budhanilkantha Kathmandu, Bagmati",,,Kathmandu,house,Residential,North,5.0,3.0,2.0,1.0,,Car 1,,,Select Year,"Fully-Furnished Houses on Rent at Budhanilkanth, KTM Key Features: Property Code:-HR 208 Price :- 1.50k/Month Location:-Budhanilkanth, Sunder basti Bedrooms:- 5 Bathrooms:-3 Living Hall:-1 Modular Kitchen & Dining:-2 Furnishings: Fully-Furnished Facing:- North Parking:-1Car, Few Bikes Road Access:- 20Ft Storey:-2.5 Contact Us Phone Numbers –   984-5877861 –   9762791734 –   9762791735 –  9864032233 –  9766389438 Facilities –   Electricity –   Cable Connection –   Peaceful Environment –   24/7 Water Supply –   No Vehicle & Sound Pollution For More Information Contact Details Indus Property Nepal Pvt. Ltd Email: [](mailto:) Website: [ Facebook Page: [Indus Property]( Instagram: [Contact Us]( #realestateagent #propertyinnepall #foryoupagereels #trendingreelsvideo #kathmandu #lalitpur #Induspropertynepal #TrustedRealEstateExpert #realestateexpertpert #toprealestateagent #propertynepalofficial #nepalhousingmarket +3 Like Comment Share",kathmandu,gharghaderi.com
7737,Banglow house on rent @Maharajgunj,150000.0,4107.0,,"Maharajgunj Budhanilkantha Kathmandu, Bagmati",,,Kathmandu,house,Residential,North,6.0,4.0,1.0,1.0,7.0,Cars 3-5,,2.5,2075,Ek dam ramro Ghar BANGLOW LOOKS 3 WOTA GADI PARKING GARNA MILNE GUARD HOUSE VAKO GARDEN VAKO BAJAR BATA NAJIK PEACEFUL AND SAFE,kathmandu,gharghaderi.com
7652,"Beautiful House on rent at mid baneshwor, kathmandu sold",120000.0,1711.25,13.0,"mid baneshwor Kathmandu Metropolis Kathmandu, Bagmati",,mid baneshwor Kathmandu Metropolis,Kathmandu,house,Residential,South,3.0,3.0,1.0,1.0,,Car 1,,2.5,Select Year,"Beautiful House on Rent at Mid Baneshwor, Kathmandu! Key Features: Property Code:-HR 196 Land Area:- 5 Aana Rent-Price:- 1.20 lakh/month Location:- Mid Baneshwor, Kathmandu Bedrooms:- 3 Bathrooms:-3 Living Hall:-1 Modular Kitchen & Dining:-1 Parking:-1Car, Few Bikes Road Access:- 13-20 Ft Furnishings:- Full-Furnished Storey:-3 Contact Us Phone Numbers –  984-5877861 –  9762791734 –  9762791735 – 9864032233 – 9766389438 ️ Facilities – ️ Electricity – ️ Cable Connection – ️ Peaceful Environment – ️ 24/7 Water Supply – ️ No Vehicle & Sound Pollution — For More Information Contact Details Indus Property Nepal Pvt. Ltd Email: [](mailto:) Website: [ Facebook Page: [Indus Property]( Instagram: [Contact Us](",kathmandu,gharghaderi.com
7636,House on rent at Budhanilkanth 1 lakhs 50 thousand per month,150000.0,1197.88,13.0,"Budhanilkanth Kathmandu Metropolis Kathmandu, Bagmati",,Budhanilkanth Kathmandu Metropolis,Kathmandu,house,Residential,North,5.0,3.0,1.0,2.0,,Car 1,,,Select Year,"Your Dream Home Awaits! 5BHK House on Rent at Budhanilkantha ,Kathmandu! Key Features: Property Code:-HR 140 Price :- 1.50lakh /month Location:- Budhanilkanth Bedrooms:- 5 Bathrooms:-3 Living Hall:-1 Modular Kitchen & Dining:-2 Facing:- North Parking:-1Car, Few Bikes Road Access:- 13 Ft Furnishings:- Fully-Furnished Storey:-2.5 Contact Us Phone Numbers –  984-5877861 –  9762791734 –  9762791735 – 9864032233 – 9766389438 ️ Facilities – ️ Electricity – ️ Cable Connection – ️ Peaceful Environment – ️ 24/7 Water Supply – ️ No Vehicle & Sound Pollution — For More Information Contact Details Indus Property Nepal Pvt. Ltd Email: [](mailto:) Website: [ /> Facebook Page: [Indus Property]( /> Instagram: [Contact Us]( />— #Induspropertynepal #realestateagent #propertyinnepall #foryoupagereels #trendingreelsvideo #kathmandu #lalitpur #Induspropertynepal #TrustedRealEstateExpert #realestateexpertpert #toprealestateagent #propertynepalofficial #nepalhousingmarket",kathmandu,gharghaderi.com
7614,"House on Rent at Baluwatar, kathmandu 1 lakh 20 hajar",120000.0,4791.5,13.0,"Baluwatar Kathmandu Metropolis Kathmandu, Bagmati",,Baluwatar Kathmandu Metropolis,Kathmandu,house,Residential,North,8.0,5.0,1.0,2.0,,Cars 3-5,,,Select Year,"Your Dream Home Awaits! Beautiful Bungalow on Rent at Baluwatar,Kathmandu! Key Features: Property Code:-HR 140 Price :- 1.20 lakh/month Location:- Baluwatar,Kathmandu Land Area :- 14 Aanna Bedrooms:-8 Bathrooms:-5 Living Hall:-1 Modular Kitchen & Dining:-2 Facing:- North Parking:-1Car, Few Bikes Road Access:- 13 Ft Furnishings: Full-Furnished Garden:- Yes Storey:-2 Contact Us Phone Numbers –  984-5877861 –  9762791734 –  9762791735 – 9864032233 – 9766389438 ️ Facilities – ️ Electricity – ️ Cable Connection – ️ Peaceful Environment – ️ 24/7 Water Supply – ️ No Vehicle & Sound Pollution — For More Information Contact Details Indus Property Nepal Pvt. Ltd Email: [](mailto:) Website: [ /> Facebook Page: [Indus Property]( /> Instagram: [Contact Us]( />— #Induspropertynepal #realestateagent #propertyinnepall #foryoupagereels #trendingreelsvideo #kathmandu #lalitpur #Induspropertynepal #TrustedRealEstateExpert #realestateexpertpert #toprealestateagent #propertynepalofficial #nepalhousingmarket",kathmandu,gharghaderi.com
7583,"House on rent at Cozy home, lalitpur",80000.0,6160.5,13.0,"Cozy home Kathmandu Metropolis Kathmandu, Bagmati",,Cozy home Kathmandu Metropolis,Kathmandu,house,Residential,South East,7.0,5.0,1.0,2.0,,Cars 3-5,,,Select Year,"फराकिलो र उज्यालो भित्रीभाग,आधुनिक जीवनयापनको लागि उपयुक्त। Fully-furnished House on Rent at Cozy home, lalitpur Key Features: Property Code:-HR 136 Rent Price:- 80k /month Location:- Cozy home Bedrooms:-5 with 2 Attached Bathrooms:-4 Living Hall:-1 Modular Kitchen & Dining:-2 Facing:- East-South Parking:-5Car, Few Bikes Road Access:-13 Ft Furnishing:- Fully-Furnished Storey:-2 Contact Us Phone Numbers –  984-5877861 –  9762791734 –  9762791735 – 9864032233 – 9766389438 ️ Facilities – ️Garden – ️ Electricity – ️ Cable Connection – ️ Peaceful Environment – ️ 24/7 Water Supply – ️ No Vehicle & Sound Pollution — For More Information Contact Details Indus Property Nepal Pvt. Ltd Email: [](mailto:) Website: [ Facebook Page: [Indus Property]( Instagram: [Contact Us]( #realestateagent #propertyinnepall #foryoupagereels #trendingreelsvideo #kathmandu #lalitpur #Induspropertynepal #TrustedRealEstateExpert #realestateexpertpert #toprealestateagent #propertynepalofficial #nepalhousingmarket",kathmandu,gharghaderi.com
7521,House on rent at Baneshwor kathmandu,125000.0,1369.0,13.0,"Baneshwor Kathmandu Metropolis Kathmandu, Bagmati",,Baneshwor Kathmandu Metropolis,Kathmandu,house,Residential,South,4.0,2.0,1.0,1.0,,Car 1,,,Select Year,"फराकिलो र उज्यालो भित्रीभाग,आधुनिक जीवनयापनको लागि उपयुक्त। Semi-furnished House on Rent at Baneshwor,kathmandu Key Features: Property Code:-HR 127 Rent Price:- 1.25 lakh /month Location:-Baneshwor Bedrooms:-4 Bathrooms:-2 Living Hall:-1 Modular Kitchen & Dining:-1 Facing:- south Parking:-1Car, Few Bikes Road Access:-13 Ft Furnishing:- Semi-Furnished Storey:-2 Contact Us Phone Numbers –  984-5877861 –  9762791734 –  9762791735 – 9864032233 – 9766389438 ️ Facilities – ️ Electricity – ️ Cable Connection – ️ Peaceful Environment – ️ 24/7 Water Supply – ️ No Vehicle & Sound Pollution — For More Information Contact Details Indus Property Nepal Pvt. Ltd Email: [](mailto:) Website: [ Facebook Page: [Indus Property]( Instagram: [Contact Us]( #realestateagent #propertyinnepall #foryoupagereels #trendingreelsvideo #kathmandu #lalitpur #Induspropertynepal #TrustedRealEstateExpert #realestateexpertpert #toprealestateagent #propertynepalofficial #nepalhousingmarket",kathmandu,gharghaderi.com
7496,House on rent at Dhapasi height,200000.0,4107.0,13.0,"Dhapasi Kathmandu Metropolis Kathmandu, Bagmati",,Dhapasi Kathmandu Metropolis,Kathmandu,house,Residential,South,5.0,5.0,1.0,1.0,,Car 1,,,Select Year,"फराकिलो र उज्यालो भित्रीभाग,आधुनिक जीवनयापनको लागि उपयुक्त। Fully-furnished House on Rent at Dhapasi height kathmandu Key Features: Property Code:-H 123 Rent Price:- 2lakh /month Location:- Dhapasi height prime residential area,kathmandu Bedrooms:-5 Bathrooms:-4 Attached +1 common bathroom Living Hall:-1 Modular Kitchen & Dining:-1 Facing:- south Parking:-1Car, Few Bikes Road Access:-13Ft Furnishing:- Full-Furnished Storey:-2 Contact Us Phone Numbers –   984-5877861 Aryan Sir –   9762791734 Bishwaraj Sir –   9762791735 Office –  9864032233 Amit Sir –  9766389438 Tribhuvan Sir Facilities –   Electricity –   Cable Connection –   Peaceful Environment –   24/7 Water Supply –   No Vehicle & Sound Pollution — For More Information Contact Details Indus Property Nepal Pvt. Ltd Email: [](mailto:) Website: [ Facebook Page: [Indus Property]( Instagram: [Contact Us]( #realestateagent #propertyinnepall #foryoupagereels #trendingreelsvideo #kathmandu #lalitpur #Induspropertynepal #TrustedRealEstateExpert #realestateexpertpert #toprealestateagent #propertynepalofficial #nepalhousingmarket +4 Like Comment Share",kathmandu,gharghaderi.com
7495,House on Rent at Budhanilkantha,150000.0,1026.75,13.0,"Golfutar Budhanilkantha Kathmandu Metropolis Kathmandu, Bagmati",,Golfutar Budhanilkantha Kathmandu Metropolis,Kathmandu,house,Residential,South,5.0,3.0,1.0,1.0,,Car 1,,,Select Year,"फराकिलो र उज्यालो भित्रीभाग,आधुनिक जीवनयापनको लागि उपयुक्त। Fully-furnished House on Rent at Budhanilkantha kathmandu Key Features: Property Code:-H 121 Rent Price:- 150k /month Location:- Gulfutar, Budhanilkantha kathmandu Bedrooms:-5 (2 extra room) Bathrooms:-3 Living Hall:-1 Modular Kitchen & Dining:-1 Facing:- south Parking:-1Car, Few Bikes Road Access:-13Ft Furnishing:- Full-Furnished Storey:-2 Contact Us Phone Numbers –  984-5877861 Aryan Sir –  9762791734 Bishwaraj Sir –  9762791735 Office – 9864032233 Amit Sir – 9766389438 Tribhuvan Sir ️ Facilities – ️ Electricity – ️ Cable Connection – ️ Peaceful Environment – ️ 24/7 Water Supply – ️ No Vehicle & Sound Pollution — For More Information Contact Details Indus Property Nepal Pvt. Ltd Email: [](mailto:) Website: [ Facebook Page: [Indus Property]( Instagram: [Contact Us]( #realestateagent #propertyinnepall #foryoupagereels #trendingreelsvideo #kathmandu #lalitpur #Induspropertynepal #TrustedRealEstateExpert #realestateexpertpert #toprealestateagent #propertynepalofficial #nepalhousingmarket",kathmandu,gharghaderi.com
7428,4 bhk House On Rent at Baneshwor 1 lakh 25 thousand,125000.0,,16.0,"Baneshwor Kathmandu Metropolis Kathmandu, Bagmati",,Baneshwor Kathmandu Metropolis,Kathmandu,house,Residential,South,4.0,2.0,1.0,1.0,,Car 1,,1.5,Select Year,"4BHK House on Rent at Baneshwor,Kathmandu! Key Features: Property Code:-HR 112 Rent-Price :- 125000/month Bedrooms:-4 Bathrooms:-2 Living Hall:-1 Modular Kitchen & Dining:-1 Facing:- South Furnishings: Full-Furnished Parking:-1Car, Few Bikes Road Access:- 16 Ft Location:- Baneshwor,Kathmandu Storey:-3 Contact Us Phone Numbers –  984-5877861 Aryan Sir –  9762791734 Bishwaraj Sir –  9762791735 Office – 9864032233 Amit Sir – 9766389438 Tribhuvan Sir ️ Facilities – ️ Electricity – ️ Cable Connection – ️ Peaceful Environment – ️ 24/7 Water Supply – ️ No Vehicle & Sound Pollution — For More Information Contact Details Indus Property Nepal Pvt. Ltd Email: [](mailto:) Website: [ /> Facebook Page: [Indus Property]( /> Instagram: [Contact Us]( />— #Induspropertynepal #realestateagent #propertyinnepall #foryoupagereels #trendingreelsvideo #kathmandu #lalitpur #Induspropertynepal #TrustedRealEstateExpert #realestateexpertpert #toprealestateagent #propertynepalofficial #nepalhousingmarket",kathmandu,gharghaderi.com
7425,Brand New House is on Rent at Gulfutar,9500000.0,1540.12,16.0,"golfutar 8 Budhanilkantha Kathmandu, Bagmati",8.0,,Kathmandu,house,Residential,South,4.0,3.0,1.0,1.0,,Car 1,,1.5,Select Year,"House on Rent at Gulftar,Kathmandu! Key Features: Property Code:-HR 111 Rent-Price :- 95000/month Land Area :- 4.5 Anna Bedrooms:-4 Bathrooms:-3 Living Hall:-1 Modular Kitchen & Dining:-2 Facing:- South Furnishings: Full-Furnished Parking:-1Car, Few Bikes Road Access:- 16 Ft Location:- Gulftar,Kathmandu Storey:-3 Contact Us Phone Numbers –  984-5877861 Aryan Sir –  9762791734 Bishwaraj Sir –  9762791735 Office – 9864032233 Amit Sir – 9766389438 Tribhuvan Sir ️ Facilities – ️ Electricity – ️ Cable Connection – ️ Peaceful Environment – ️ 24/7 Water Supply – ️ No Vehicle & Sound Pollution — For More Information Contact Details Indus Property Nepal Pvt. Ltd Email: [](mailto:) Website: [ Facebook Page: [Indus Property]( Instagram: [Contact Us](",kathmandu,gharghaderi.com
7378,House On Rent at Bishalnagar 4 lakh per month,400000.0,,20.0,"bishalnagar Kathmandu Metropolis Kathmandu, Bagmati",,bishalnagar Kathmandu Metropolis,Kathmandu,house,Bungalow,North,12.0,4.0,1.0,2.0,,Cars 10-15,,1.0,Select Year,"Your Dream Home Awaits! 4BHK Bungalow on Rent at Bishalnagar,Kathmandu! Key Features: Property Code:-IPAR-B 2002 Rent :- 4,00,000/month Bedrooms:-12 Bathrooms:-4 Living Hall:-1 Modular Kitchen & Dining:-2 Facing:- North Furnishings: Fully-Furnished Parking:-8Car, Few Bikes Road Access:- 20 Ft Location:- Bishalnagar,Kathmandu Storey:-1 Contact Us Phone Numbers –  984-5877861 Aryan Sir –  9762791734 Bishwaraj Sir –  9762791735 Office – 9864032233 Amit Sir – 9766389438 Tribhuvan Sir ️ Facilities – ️ Electricity – ️ Cable Connection – ️ Peaceful Environment – ️ 24/7 Water Supply – ️ No Vehicle & Sound Pollution — For More Information Contact Details Indus Property Nepal Pvt. Ltd Email: [](mailto:) Website: [ /> Facebook Page: [Indus Property]( /> Instagram: [Contact Us]( />— #Induspropertynepal #realestateagent #propertyinnepall #foryoupagereels #trendingreelsvideo #kathmandu #lalitpur #Induspropertynepal #TrustedRealEstateExpert #realestateexpertpert #toprealestateagent #propertynepalofficial #nepalhousingmarket",kathmandu,gharghaderi.com
7361,Bungalow on Rent at Tahachal,120000.0,,20.0,"Tahachal Kathmandu Metropolis Kathmandu, Bagmati",,Tahachal Kathmandu Metropolis,Kathmandu,house,Bungalow,West,4.0,2.0,1.0,1.0,5.0,Car 1,,1.0,Select Year,"Your Dream Home Awaits! 4BHK Bungalow on Rent at Tahachal,Kathmandu! Key Features: Property Code:-IPAR-B 2001 Rent :- 1,20,000 Bedrooms:-4 Bathrooms:-2 Living Hall:-1 Modular Kitchen & Dining:-1 Facing:- North Furnishings: Semi-Furnished Parking:-1Car, Few Bikes Road Access:- 20 Ft Location:- Tahachal,Kathmandu Storey:-1 Contact Us Phone Numbers –  984-5877861 Aryan Sir –  9762791734 Bishwaraj Sir –  9762791735 Office – 9864032233 Amit Sir – 9766389438 Tribhuvan Sir ️ Facilities – ️ Electricity – ️ Cable Connection – ️ Peaceful Environment – ️ 24/7 Water Supply – ️ No Vehicle & Sound Pollution — For More Information Contact Details Indus Property Nepal Pvt. Ltd Email: [](mailto:) Website: [ Facebook Page: [Indus Property]( Instagram: [Contact Us]( #realestateagent #propertyinnepall #foryoupagereels #trendingreelsvideo #kathmandu #lalitpur #Induspropertynepal #TrustedRealEstateExpert #realestateexpertpert #toprealestateagent #propertynepalofficial #nepalhousingmarket",kathmandu,gharghaderi.com
7307,House On Rent At Baneshwor 30 lakhs per month,300000.0,,28.0,"bane Kathmandu Metropolis Kathmandu, Bagmati",,bane Kathmandu Metropolis,Kathmandu,house,Semi-commercial,Select Direction,4.0,3.0,1.0,1.0,12.0,Cars 5-10,,2.5,Select Year,"Code:FHS492R Total land area 1 ropani If gardens removed easy parking space for 10 cars. 28ft commercial road with 75ft front facade of the house Ground floor:- 1 foyer with double ceiling 1 living room 1 dining 1 kitchen 1 store room 1 guest room 1 rest room 1st floor:- 3 bed room 1 store room 1 rest room 1 small room 2nd floor 1 room 1 puja room. 2 Storey servant quater ==================== Call Viber WhatsApp Wechat 9863680035,9813794428",kathmandu,gharghaderi.com
7240,"House For Rent At Baluwatar , Kathmandu",500000.0,3422.5,20.0,"Baluwatar 4 Kathmandu Metropolis Kathmandu, Bagmati",4.0,Kathmandu Metropolis,Kathmandu,house,Non-Furnished,South East,,11.0,,1.0,,Cars 5-10,1400.0,5.5,2077,"This extraordinary 5.5-storey marvel, strategically nestled just 200m inside from Nepal Rastra Bank, near the prestigious Chinese Embassy, is now up for grabs! Key Features:  5.5 Storeys of Versatile Space  7000 sqft of Opportunity  Ample Parking for 15 Vehicles ️ AC, Elevator, Generator Ideal for:  NGOs and INGOs  Capital Companies  Cutting-edge Labs  Hotels Or Restaurants  Banks and Financial Enterprises Dental Polyclinics  Contact Today: 9851023027",kathmandu,gharghaderi.com
7222,House On Rent At Mandikhatar sold,120000.0,2053.5,20.0,"Mandikatar Budhanilkantha Kathmandu, Bagmati",,,Kathmandu,house,Residential,East,6.0,5.0,3.0,3.0,,Cars 2,,3.0,2080,"Code :FHS487R Flat system house 6 bedroom,3 living, 3 kitchen 5 bathroom 24 hours water Near main road Parking space Best for all Rent 120k nego ================== Call Viber WhatsApp Wechat 9863680035,9813794428",kathmandu,gharghaderi.com
7185,House On Rent At Baluwatar  1 lakh 35 thousand rent per month sold,135000.0,3422.5,13.0,"Baluwatar Kathmandu Metropolis Kathmandu, Bagmati",,Baluwatar Kathmandu Metropolis,Kathmandu,house,Semi-commercial,Select Direction,6.0,4.0,1.0,1.0,,Cars 2,,2.5,Select Year,"Code:FHS486R 10 Aana land 6 bedroom,living, kitchen 4 bathroom 24 hours water Near main road Parking space Best for all Rent 1 lakh 35 thousand ===================== Call Viber WhatsApp Wechat 9863680035,9813794428",kathmandu,gharghaderi.com
7089,"House On Rent At Chundevi,Maharajgunj sold",300000.0,8214.0,16.0,"Chundevi 4 Kathmandu Metropolis Kathmandu, Bagmati",4.0,Kathmandu Metropolis,Kathmandu,house,Bungalow,West,6.0,4.0,1.0,1.0,10.0,Cars 3-5,,2.5,Select Year,"Code:FHS485R 24 aana land with garden 6 bedroom living kitchen 4 bathroom 24 hours hot/cold water Good for any propose Near pakistan embassy Big parking space Rent RS. 3 lakh ================== Call Viber WhatsApp 9863680035,9813794428 ⬆️⬆️⬆️⬆️⬆️⬆️⬆️ घर जग्गा खरिद बिक्रि गर्न घर फ्लट भाडमा लिन दिन हामीलाई सम्झनुहोस !!!!!!! FIX HOME SOLUTIONS maharajgunj,chakrapath Call: +97714720882",kathmandu,gharghaderi.com
7043,"An affordable house for rent at Kriti Colony, Chobhar",45000.0,1369.0,20.0,"Chobhar Kirtipur Kathmandu, Bagmati",,,Kathmandu,house,Residential,West,3.0,4.0,1.0,1.0,,Car 1,1680.0,2.5,2078,"A 2 and a half storey house located within Kriti Colony, Chobhar is being offered for lease. This semi-furnished house comprises of a 1 master bedroom with attached bathroom and balcony, 2 bedrooms, 3 bathrooms, 1 spacious lounge area, backyard space and parking available within the gates for smaller vehicles and 2 wheelers. This house also is fitted with Solar PV thermal for hot-water and inverter backup.",kathmandu,gharghaderi.com
6493,Bunglow house for rent  (affordable price),200000.0,,10.0,"Ganeshbasti , chundevi 4 Kathmandu Metropolis Kathmandu, Bagmati",4.0,Kathmandu Metropolis,Kathmandu,house,Choose Type,Select Direction,8.0,5.0,1.0,1.0,,Cars 2,,,2071,"Bunglow house for rent. 8 bedrooms,  one kitchen  and main bedrooms with attach bathrooms. The rental House is close by all the amenities shops,  hospital 1.7 km, airport 4.2 km and more.  If you are interested pls contact 9709605169 or 9709458469",kathmandu,gharghaderi.com
6467,Wanted house for rent immediately.,500000.0,27380.0,,"budhanilkantha Budhanilkantha Kathmandu, Bagmati",,,Kathmandu,house,Residential,Select Direction,20.0,20.0,5.0,5.0,20.0,,,3.0,Select Year,"तुरून्त घर भाडामा चाहियाे । लाेकेशनः-  नागार्जुन क्षेत्र, नगरकोट क्षेत्र, भैंसेपाटि क्षेत्र, बुढानिलाकण्ठ क्षेत्र, मच्छेगाउँ क्षेत्र, थानकोट क्षेत्र, गोदावरी क्षेत्र । सुनसान तथा वस्ती र बजारकाे काेलाहलबाट अलि टाढा peaceful environment भएकाे र धेरै काेठा सहित स्तरीय ट्वाइलेट, बाथरूम, किचेन भएकाे घर । हेर्दा चिटिक्क परेकाे, बगैचा भएकाे, सफा सुन्दर र मनाेरम वातावरण भएकाे । नजिकै मन्दिर, पार्क र जंगल भएकाे । घर संगै थप जग्गा पनि भएकाे र ४/५ वटा घर संगै भएकाे  । प्रशस्त पानी, विजुली, इन्टरनेट लगायतका सुविधाहरू भएकाे । एउटै क्षेत्र बनाउन मिल्ने ५ वटा घर भाडामा चाहियाे । यस्ताे Requirement काे घर जग्गा खाेज्न हजुरहरूबाट सहायता माग्दछाैँ । सम्पर्कमा भए वा खाेज्न सक्नुहुन्छ भने सम्पर्क गर्नुहाेला  । सम्पर्कः- 9762278095 वा  9812750802",kathmandu,gharghaderi.com
6428,Bungalow for rent in  prime location Dillibazar,175000.0,,30.0,"Baneshwor Kathmandu Metropolis Kathmandu, Bagmati",,Baneshwor Kathmandu Metropolis,Kathmandu,apartments,Bungalow,Select Direction,6.0,4.0,2.0,1.0,7.0,Cars 2,,2.5,2065,A duplex bungalow for rent in the prime location dillibazar is now available for rent. Its a 7BHK flat with 4 washroom. Parking space available with a small garden. A guardroom plus washroom. Contact: 9801090337 9807212158,kathmandu,gharghaderi.com
6197,House for Rent in Syuchatar 65k per month,65000.0,2224.62,12.0,"Syuchatar 6 Nagarjun Kathmandu, Bagmati",6.0,,Kathmandu,house,Residential,West,6.0,4.0,1.0,1.0,6.0,Cars 2,,2.5,2074,"The house in a semi furnished very peaceful environment which has 6 rooms and 4 bathroom, parking place available. Nothing to worry about water. The house is located at Green village society.",kathmandu,gharghaderi.com
6077,"Residental Bungalow House on rent at Italitar, Budanilkantha",320000.0,9240.75,13.0,"italitar Budhanilkantha Kathmandu, Bagmati",,,Kathmandu,house,Residential,West,5.0,3.0,2.0,1.0,,Cars 10-15,,2.5,2065,"𝐅𝐨𝐫 Rent: काठमाडौँ, बुडानिलकण्ठ नगरपालिका, इटालीटार, २७ आना जग्गामा निर्मित २.५ तले आकर्षक घर भाडामा छ। 𝐏𝐫𝐨𝐩𝐞𝐫𝐭𝐲 𝐂𝐨de: SSKTM345 अन्य जानकारीको लागि: Website:  YouTube: ========================= 𝐏𝐫𝐨𝐩𝐞𝐫𝐭𝐲 𝐃𝐞𝐬𝐜𝐫𝐢𝐩𝐭𝐢𝐨𝐧: Land: 27 Aana Type: Bungalow Bedroom: 5 Bathroom: 3 Living: 2 Kitchen: 1 Furnishing: Semi Furnished Face: West Floor: 2.5 Storey Road: 16 Feet Parking: Yes Price: On Call Location:Italitar, Budanilkantha , Kathmandu For More Details: Whatsapp/Viber 🇳🇵+977 9801307990 ========================= 𝐅𝐨𝐫 𝐦𝐨𝐫𝐞 𝐢𝐧𝐟𝐨𝐫𝐦𝐚𝐭𝐢𝐨𝐧: 𝐂𝐨𝐧𝐭𝐚𝐜𝐭 𝐃𝐞𝐭𝐚𝐢𝐥𝐬:  01- 4597400 (𝐃𝐮𝐫𝐢𝐧𝐠 𝐎𝐟𝐟𝐢𝐜𝐞 𝐇𝐨𝐮𝐫𝐬)  9801307990, 9851349120      Ratopul, Kathmandu #SaraSewa #SaraSewaNepal #RealEstateNepal #Sifal #KathmanduHouse #Rent",kathmandu,gharghaderi.com
6067,"Residental Bungalow House on rent at Sifal, KTM",350000.0,3764.75,16.0,"sifal Kathmandu Metropolis Kathmandu, Bagmati",,sifal Kathmandu Metropolis,Kathmandu,apartments,Residential,North,5.0,3.0,2.0,1.0,,Cars 3-5,,2.0,2071,"𝐅𝐨𝐫 𝐒𝐚𝐥𝐞: काठमाडौँ,काठमाडौँ  नगरपालिका, सिफल, सिफल मैदानबाट १०० मीटरको दुरीमा  ११ आना जग्गामा निर्मित २ तले आकर्षक घर भाडामा  छ। 𝐏𝐫𝐨𝐩𝐞𝐫𝐭𝐲 𝐂𝐨𝐝𝐞: SSKTM344 अन्य जानकारीको लागि: Website: YouTube: ========================= 𝐏𝐫𝐨𝐩𝐞𝐫𝐭𝐲 𝐃𝐞𝐬𝐜𝐫𝐢𝐩𝐭𝐢𝐨𝐧: Land: 11 Aana Type: Bungalow Bedroom: 5 Bathroom: 3 Living: 2 Kitchen: 1 Furnishing: Furnished Face: North Floor: 2 Storey Road: 16 Feet Parking: Yes Price: On Call Location: Sifal, Kathmandu For More Details: Whatsapp/Viber 🇳🇵+977 9801307990 ========================= 𝐅𝐨𝐫 𝐦𝐨𝐫𝐞 𝐢𝐧𝐟𝐨𝐫𝐦𝐚𝐭𝐢𝐨𝐧: 𝐂𝐨𝐧𝐭𝐚𝐜𝐭 𝐃𝐞𝐭𝐚𝐢𝐥𝐬: 01- 4597400 (𝐃𝐮𝐫𝐢𝐧𝐠 𝐎𝐟𝐟𝐢𝐜𝐞 𝐇𝐨𝐮𝐫𝐬) 9801307990, 9851349120 Ratopul, Kathmandu #SaraSewa #SaraSewaNepal #RealEstateNepal #Sifal #KathmanduHouse #Rent",kathmandu,gharghaderi.com
5911,"Residental Triplex House on sell at Goldhunga, tarakeshwpr",30000000.0,2053.5,13.0,"Goldhunga Tarakeshor Kathmandu, Bagmati",,,Kathmandu,house,Residential,South East,9.0,3.0,1.0,3.0,,Cars 2,,3.0,2078,"𝐅𝐨𝐫 𝐒𝐚𝐥𝐞: काठमाडौँ, तारकेश्वर नगरपालिका, गोलढुंगा, ६आना १ पैसा जग्गामा निर्मित ३ तले आकर्षक घर तुरुन्तै बिक्रीमा  छ। 𝐏𝐫𝐨𝐩𝐞𝐫𝐭𝐲 𝐂𝐨𝐝𝐞: अन्य जानकारीको लागि:Website: YouTube: ========================= 𝐏𝐫𝐨𝐩𝐞𝐫𝐭𝐲 𝐃𝐞𝐬𝐜𝐫𝐢𝐩𝐭𝐢𝐨𝐧: Land: 6 Aana 1 Paisa Type: Triplex Bedroom: 9 Bathroom: 3 Living: 1 Kitchen: 3 Furnishing: Non-Furnished Face: South-East Floor: 3 Storey Road: 13 Feet Parking: Yes Price: On Call Location: Goldhunga, Tarakeshwor For More Details: Whatsapp/Viber 🇳🇵+977 9801307990 ========================= 𝐅𝐨𝐫 𝐦𝐨𝐫𝐞 𝐢𝐧𝐟𝐨𝐫𝐦𝐚𝐭𝐢𝐨𝐧: 𝐂𝐨𝐧𝐭𝐚𝐜𝐭 𝐃𝐞𝐭𝐚𝐢𝐥𝐬: 01- 4597400 (𝐃𝐮𝐫𝐢𝐧𝐠 𝐎𝐟𝐟𝐢𝐜𝐞 𝐇𝐨𝐮𝐫𝐬) 9801307990, 9851349120 Ratopul, Kathmandu #SaraSewa #SaraSewaNepal #RealEstateNepal #Goldhunga  #TarakeshworHouse",kathmandu,gharghaderi.com
5885,Residental Bungalow House On Rent At Ratopul,180000.0,3764.75,13.0,"Ratopul Kathmandu Metropolis Kathmandu, Bagmati",,Ratopul Kathmandu Metropolis,Kathmandu,house,Bungalow,East,7.0,6.0,2.0,2.0,,Cars 3-5,,3.0,2066,"11 Aana Semi Furnished Bungalow House On Rent at Ratopul,KTM. 𝐅𝐨𝐫 𝐦𝐨𝐫𝐞 𝐢𝐧𝐟𝐨𝐫𝐦𝐚𝐭𝐢𝐨𝐧: +977-9801307990 𝐏𝐫𝐨𝐩𝐞𝐫𝐭𝐲 𝐂𝐨𝐝𝐞:SSKTM283 𝐏𝐫𝐨𝐩𝐞𝐫𝐭𝐲 𝐃𝐞𝐬𝐜𝐫𝐢𝐩𝐭𝐢𝐨𝐧: Land: 11 Aana Type: Bungalow Bedroom: 7 Bathroom: 6 Living: 2 Kitchen: 2 Furnishing: Semi Furnished Face: East Floor: 3 Storey Road: 13 Feet 🅿 Parking: Yes Price: On Call Location: Ratopul,KTM. 𝐂𝐨𝐧𝐭𝐚𝐜𝐭 𝐃𝐞𝐭𝐚𝐢𝐥𝐬: 01- 4597400 (𝐃𝐮𝐫𝐢𝐧𝐠 𝐎𝐟𝐟𝐢𝐜𝐞 𝐇𝐨𝐮𝐫𝐬) 9801307990, 9851349120 𝐅𝐨𝐫 𝐌𝐨𝐫𝐞 𝐏𝐫𝐨𝐩𝐞𝐫𝐭𝐢𝐞𝐬: #SaraSewa #SaraSewaNepal #RealEstateNepal #Ratopul #KTMHouse",kathmandu,gharghaderi.com
5879,"Residental Bungalow House on rent at Chobhar,Kritipur.",70000.0,2224.62,13.0,"Chobhar Kirtipur Kathmandu, Bagmati",,,Kathmandu,house,Bungalow,South,3.0,5.0,1.0,1.0,,Cars 3-5,,2.5,2078,"6.5 Aana Semi Furnished Perfect Bungalow House on Rent At Chobhar,Kirtipur. 𝐅𝐨𝐫 𝐦𝐨𝐫𝐞 𝐢𝐧𝐟𝐨𝐫𝐦𝐚𝐭𝐢𝐨𝐧: +977-9801307990 𝐏𝐫𝐨𝐩𝐞𝐫𝐭𝐲 𝐂𝐨𝐝𝐞:SSKTM294 𝐏𝐫𝐨𝐩𝐞𝐫𝐭𝐲 𝐃𝐞𝐬𝐜𝐫𝐢𝐩𝐭𝐢𝐨𝐧: Land: 6.5 Aana. Type: Bungalow Bedroom: 3 Bathroom: 5 Living: 1 Kitchen: 1 Furnishing: Semi Furnished Face: South Road: 16 Feet 🅿 Parking: Yes Price: On Call Location: Chobhar,Kirtipur. 𝐂𝐨𝐧𝐭𝐚𝐜𝐭 𝐃𝐞𝐭𝐚𝐢𝐥𝐬: 01- 4597400 (𝐃𝐮𝐫𝐢𝐧𝐠 𝐎𝐟𝐟𝐢𝐜𝐞 𝐇𝐨𝐮𝐫𝐬) 9801307990, 9851349120 𝐅𝐨𝐫 𝐌𝐨𝐫𝐞 𝐏𝐫𝐨𝐩𝐞𝐫𝐭𝐢𝐞𝐬: #SaraSewa #SaraSewaNepal #RealEstateNepal #Chobhar #KirtipurHouse",kathmandu,gharghaderi.com
5877,Residental Bungalow House on rent at Bansbari,170000.0,2053.5,16.0,"Bansbari Kathmandu Metropolis Kathmandu, Bagmati",,Bansbari Kathmandu Metropolis,Kathmandu,house,Residential,East,5.0,7.0,1.0,1.0,,Cars 3-5,,2.5,2075,"𝐅𝐨𝐫 𝐒𝐚𝐥𝐞: काठमाडौँ,काठमाडौँ  नगरपालिका, बाँसबारी, gangalal Hospital बाट ३०० मीटरको दुरीमा  ६ आना जग्गामा निर्मित २.५ तले आकर्षक घर भाडामा  छ। 𝐏𝐫𝐨𝐩𝐞𝐫𝐭𝐲 𝐂𝐨𝐝𝐞: SSKTM315 अन्य जानकारीको लागि: Website: YouTube: ========================= 𝐏𝐫𝐨𝐩𝐞𝐫𝐭𝐲 𝐃𝐞𝐬𝐜𝐫𝐢𝐩𝐭𝐢𝐨𝐧: Land: 6 Aana Type: Bungalow Bedroom: 5 Bathroom: 6 Living: 1 Kitchen: 1 Furnishing: Semi-Furnished Face: East Floor: 2.5 Storey Road: 16 Feet Parking: Yes Price: On Call Location: Bansbari, Kathmandu For More Details: Whatsapp/Viber 🇳🇵+977 9801307990 ========================= 𝐅𝐨𝐫 𝐦𝐨𝐫𝐞 𝐢𝐧𝐟𝐨𝐫𝐦𝐚𝐭𝐢𝐨𝐧: 𝐂𝐨𝐧𝐭𝐚𝐜𝐭 𝐃𝐞𝐭𝐚𝐢𝐥𝐬: 01- 4597400 (𝐃𝐮𝐫𝐢𝐧𝐠 𝐎𝐟𝐟𝐢𝐜𝐞 𝐇𝐨𝐮𝐫𝐬) 9801307990, 9851349120 Ratopul, Kathmandu #SaraSewa #SaraSewaNepal #RealEstateNepal #Bansbari #KathmanduHouse #Rent",kathmandu,gharghaderi.com
5860,house on rent at bansbari sold,300000.0,5476.0,,"Bansbari 3 Kathmandu Metropolis Kathmandu, Bagmati",3.0,Kathmandu Metropolis,Kathmandu,house,Residential,West,9.0,7.0,1.0,3.0,,Cars 3-5,,3.0,Select Year,"Code:FHS442R 9 rooms, 3 kitchen 6 bathroom (3 attached) house on near bansbari road 24 hours water Parking space Near from ringroad Rent Rs. 3 lakh nego ===================== Call Viber WhatsApp Wechat 9863680035,9813794428 ⬆️⬆️⬆️⬆️⬆️⬆️⬆️ घर जग्गा खरिद बिक्रि गर्न घर फ्लट भाडमा लिन दिन हामिलाई सम्झनुहोस !!!!!!!",kathmandu,gharghaderi.com
5852,"Bungalow House on rent at Kapan, Budhanilkantha",90000.0,,13.0,"Kapan Budhanilkantha Kathmandu, Bagmati",,,Kathmandu,house,Residential,East,5.0,4.0,2.0,1.0,,Cars 3-5,,2.5,2065,"𝐅𝐨𝐫 𝐒𝐚𝐥𝐞: काठमाडौँ, बुढानिलकण्ठ नगरपालिका, कपन, Karuna Hospital बाट ४०० मीटरको दुरीमा ४ आना १ पैसा १ दाम जग्गामा निर्मित २.५ तले आकर्षक घर भाडामा  छ। 𝐏𝐫𝐨𝐩𝐞𝐫𝐭𝐲 𝐂𝐨𝐝𝐞: SSKTM303 अन्य जानकारीको लागि: Website: YouTube: ========================= 𝐏𝐫𝐨𝐩𝐞𝐫𝐭𝐲 𝐃𝐞𝐬𝐜𝐫𝐢𝐩𝐭𝐢𝐨𝐧: Land: 4Aana 1Paisa 1Daam Type: Bungalow Bedroom: 5 Bathroom: 4 Living: 2 Kitchen: 1 Furnishing: Fully-Furnished Face: East Floor: 2.5 Storey Road: 13 Feet Parking: Yes Price: On Call Location: Kapan, Budhanilkantha For More Details: Whatsapp/Viber 🇳🇵+977 9801307990 ========================= 𝐅𝐨𝐫 𝐦𝐨𝐫𝐞 𝐢𝐧𝐟𝐨𝐫𝐦𝐚𝐭𝐢𝐨𝐧: 𝐂𝐨𝐧𝐭𝐚𝐜𝐭 𝐃𝐞𝐭𝐚𝐢𝐥𝐬: 01- 4597400 (𝐃𝐮𝐫𝐢𝐧𝐠 𝐎𝐟𝐟𝐢𝐜𝐞 𝐇𝐨𝐮𝐫𝐬) 9801307990, 9851349120 Ratopul, Kathmandu #SaraSewa #SaraSewaNepal #RealEstateNepal #Kapan #BudhanilkanthaHouse",kathmandu,gharghaderi.com
5756,House for rent 4 beds  Mandikatar,550000.0,1026.75,20.0,"Mandikatar 9 Budhanilkantha Kathmandu, Bagmati",9.0,,Kathmandu,house,Bungalow,North East,4.0,3.0,2.0,1.0,10.0,Cars 10-15,24.0,2.5,2065,"2.5 story bungalow located in the heart of Budhanilkantha Municipality, at Mandikhatar (Kumari Marg), The property includes facilities as below: 1. Pretty near HAMS Hospital, Jump KTM Trampoline Park and GATE College. 2. Adjacent to 20 feet asphalt road (Kumari Marg). 3. Magnificent view of hills surrounding Kathmandu valley; i.e: Nagarjun hill (2,128 M or 6,982 ft),, Shivapuri hill (2,732 M or 8,963 ft), Kapan height and Phulchowki hill (2,551 M or 8,369 ft). 4. Peaceful place with no outside noise. 5. Close enough to town, airport and the market. 6. Enough parking area for up to 10/15 cars. 7. Plenty of greenery with many plant and trees, and vegetable garden. 8. Huge terrace garden. 9. Servant quarter, outdoor kitchen/dining hall and store.",kathmandu,gharghaderi.com
5662,2 house on rent with 2 ropani land at dhapasi,300000.0,10952.0,16.0,"Dhapasi 4 Tokha Kathmandu, Bagmati",4.0,,Kathmandu,house,Semi-commercial,West,10.0,8.0,2.0,2.0,,Cars 3-5,,2.5,Select Year,"Code:FHS438R 2 ropani with 2 house 10 bedrooms,kitchen,Living 8 bathroom 2 ropani (including 2 house) 24 hours water Parking space Servant quarter Rent Rs. 3 lakh nego ================== Call Viber WhatsApp Wechat 9863680035,9813794428 ⬆️⬆️⬆️⬆️⬆️⬆️⬆️ घर जग्गा खरिद बिक्रि गर्न घर फ्लट भाडमा लिन दिन हामिलाई सम्झनुहोस !!!!! 𝗙𝗜𝗫 𝗛𝗢𝗠𝗘 𝗦𝗢𝗟𝗨𝗧𝗜𝗢𝗡𝗦 Maharajgunj chakrapath Phone:014720882",kathmandu,gharghaderi.com
5399,house on rent at samakhusi sold,150000.0,2395.75,20.0,"samakhusi 26 Kathmandu Metropolis Kathmandu, Bagmati",26.0,Kathmandu Metropolis,Kathmandu,house,Semi-commercial,West,6.0,5.0,1.0,1.0,9.0,Cars 2,,2.5,2066,"7 aana land with small garden 6 bedroom living kitchen 1 attached 3 shared bathroom 24 hours hot/cold water Good for any propose Near sarkaridhara chowk Cars and bikes parking Rent RS. 1 lakh 50 thousand nego ================== Call Viber WhatsApp Wechat 🇳🇵9863680035,9813794428 ⬆️⬆️⬆️⬆️⬆️⬆️⬆️ घर जग्गा खरिद बिक्रि गर्न घर फ्लट भाडमा लिन दिन हामीलाई सम्झनुहोस !!!!!!! 𝗙𝗜𝗫 𝗛𝗢𝗠𝗘 𝗦𝗢𝗟𝗨𝗧𝗜𝗢𝗡𝗦 𝗠𝗮𝗵𝗮𝗿𝗮𝗷𝗴𝘂𝗻𝗷,𝗖𝗵𝗮𝗸𝗿𝗮𝗽𝗮𝘁𝗵 Call: +97714720882 ***🅵🆁🅴🅴  🆂🅴🆁🆅🅸🅲🅴 @ 🅲🅻🅸🅴🅽🆃 ***",kathmandu,gharghaderi.com
5210,house on rent at bishalnagar  5 lakh per month,500000.0,8214.0,,"bishalnagar 4 Kathmandu Metropolis Kathmandu, Bagmati",4.0,Kathmandu Metropolis,Kathmandu,apartments,Bungalow,East,5.0,5.0,2.0,1.0,10.0,Car 3-5,,2.5,2070,"4 bedrooms, kitchen, Living 4 bathroom (2 attached) house on colony 24 hours water Parking space Near from ringroad Rent Rs. 1 lakh nego ================== Call Viber WhatsApp Wechat 🇳🇵9863680035,9813794428  ⬆️⬆️⬆️⬆️⬆️⬆️⬆️ घर जग्गा खरिद बिक्रि गर्न घर फ्लट भाडमा लिन दिन हामीलाई सम्झनुहोस !!!!!!! 𝗙𝗜𝗫 𝗛𝗢𝗠𝗘 𝗦𝗢𝗟𝗨𝗧𝗜𝗢𝗡𝗦 𝗠𝗮𝗵𝗮𝗿𝗮𝗷𝗴𝘂𝗻𝗷,𝗖𝗵𝗮𝗸𝗿𝗮𝗽𝗮𝘁𝗵  Call: +97714720882",kathmandu,gharghaderi.com
4692,Residental Bungalow on rent at Mandikatar,175000.0,3422.5,13.0,"Mandikatar Budhanilkantha Kathmandu, Bagmati",,,Kathmandu,house,Residential,East,5.0,5.0,1.0,1.0,1.0,Motorbike,,1.0,2076,"? 10 Aana Semi Furnished Perfect House on Rent at Mandikatar Budhanilkantha. ??? ???? ???????????: +977-9801307990 ???????? ????: ????????? ???????????: ? Land: 10 Aana ? Type: Bungalow ? Bedroom: 5 ? Bathroom: 5 ? Living: 1 ? Kitchen: 1 ? Furnishing: Unfurnished ? Face: East ? Floor: 2 Storey ? Road: 13 Feet ? Parking: Yes ? Price: On Call ? Location: Mandikatar, Budhanilkantha ??????? ???????: 01- 4597400 (?????? ?????? ?????) ? 9801307990, 9851349120 ? ??? ???? ??????????: ? #SaraSewa #SaraSewaNepal #RealEstateNepal #Mandikatar #BudhanilkanthaHouse",kathmandu,gharghaderi.com
4612,House in Balawuatar,150000.0,10952.0,,"baluwatar 4 Kathmandu, Bagmati",4.0,,Kathmandu,house,,East,1.0,1.0,1.0,1.0,1.0,Motorbike,,1.0,2076,,kathmandu,gharghaderi.com
4603,Duplex House on Rent At Siddartha Colony,350000.0,5476.0,20.0,"Siddartha Colony Budhanilkantha Kathmandu, Bagmati",,,Kathmandu,house,Residential,East,5.0,5.0,2.0,1.0,1.0,Motorbike,,1.0,2076,"???? ????: काठमाडौँ, बुढानिलकण्ठ नगरपालिका, सिद्धार्थ कालोनी भित्र १ रोपनी जग्गामा निर्मित २.५ तले आकर्षक घर तुरुन्त भाडामा छ। ???????? ????: अन्य जानकारीको लागि: ?Website: ========================= ????????? ???????????: Land: 1 Ropani Type: Bunglow Bedroom: 5 Bathroom: 5 Living: 2 Kitchen: 1 Store Room: 1 Furnishing: Fully Furnished Face: East Floor: 2 Storey Road: 13 Feet Parking: Yes Price: On Call Location: Budhanilkantha, Kathmandu (Inside Siddhartha Colony) ?For More Details: Whatsapp/Viber ??+977 9801307990 ========================= Others Facility: ◾Hospital | School | Transportation ◾Garden | Parking ◾Water | Electricity | Drainage ◾Internet | Cable Connection ◾Peaceful area ◾Finance Available ◾Peaceful Environment ◾Perfect for Investment ◾No vehicle & sound pollution ========================= ??? ???? ???????????: ??????? ???????: 01- 4597400 (?????? ?????? ?????) ? 9801307990, 9851349120 ? ? ? Ratopul, Kathmandu #SaraSewa #SaraSewaNepal #RealEstateNepal #Budhanilkantha #BudhanilkanthaHouse",kathmandu,gharghaderi.com
4587,Attractive house on rent at Naxal,275000.0,5476.0,18.0,"Naxal Kathmandu Kathmandu, Bagmati",,,Kathmandu,house,Residential,East,8.0,5.0,1.0,1.0,1.0,Motorbike,,1.0,2076,"???? ????: नक्साल,काठमाडौँ नगरपालिका नजिकै १ रोपनी जग्गामा निर्मित ३ तले आकर्षक घर तुरुन्त भाडामा छ। ???????? ????: अन्य जानकारीको लागि: ?Website: ========================= ????????? ???????????: Land: 1 Ropani Type: Bunglow Bedroom: 10 Bathroom: 5 Living: 1 Kitchen: 1 Store Room: 1 Furnishing: Unfurnished Face: East Floor: 3 Storey Road: 18 Feet Parking: Yes Rent: On Call Location: Naxal, Kathmandu ?For More Details: Whatsapp/Viber ??+977 9801307990 ========================= Others Facility: ◾Hospital | School | Transportation ◾Garden | Parking ◾Water | Electricity | Drainage ◾Internet | Cable Connection ◾Peaceful area ◾Finance Available ◾Peaceful Environment ◾Perfect for Investment ◾No vehicle & sound pollution ========================= ??? ???? ???????????: ??????? ???????: 01- 4597400 (?????? ?????? ?????) ? 9801307990, 9851349120 ? ? ? Ratopul, Kathmandu #SaraSewa #SaraSewaNepal #RealEstateNepal #Naxal #KathmanduHouse",kathmandu,gharghaderi.com
4557,"A whole house on rent in gurjudhara, near highway",30000.0,,12.0,"gurjudhara 9 Chandragiri Kathmandu, Bagmati",9.0,,Kathmandu,house,Residential,South,4.0,2.0,1.0,1.0,6.0,Motorbike,,2.0,2070,"A House with 4 big rooms 2 bathrooms, kitchen dinning and living room. Also with big rooftop terrace in 1st and second floor. A house is renovated and painted only few months ago. Located at gurjudhara 100 meter from highway near RIBS school. (please leave message in whatsup). Email:",kathmandu,gharghaderi.com
4447,Sitapaila Heights Residence,75000.0,5476.0,10.0,"Sitapaila 5 Nagarjun Kathmandu, Bagmati",5.0,,Kathmandu,house,Residential,East,2.0,2.0,1.0,1.0,1.0,Car 1,,2.0,2066,"Nestled in the serene enclave of Sitapaila Heights,  this house offers a stunning view of the Kathmandu Valley. It gets plenty of sunlight from morning to evening because it faces south. It's just a 10-minute drive from Swayambhu Chowk on the Ring Road. The house has a spacious outdoor area with a garden and a charming water fountain. You even have space to grow your own vegetables. Inside, the house has wooden floors and a classic design. Upstairs, there are two bedrooms with balconies that overlook the city. The kitchen is separate from the main house. This property covers 1 ropani área, approx. 4500 sq feet area. Available for short and long term rental. · Semi furnished house · Living/dining room with Midea AC and modern furniture · Gas cooker with oven · Parking available ·Suitable for single person or couple ·Not suitable for family or old age people Famous landmark : Chokdol Buddha stupa (5 mins walk) Thangkar Dechen Choling Monastic Institute (2 mins walk) Tergar Osel Ling Monastery (12 mins walk) Monkey Temple Restro and Bar (10 mins walk)",kathmandu,gharghaderi.com
4366,3.5 storey house on rent in Chapali,150000.0,1369.0,30.0,"Chapali 3 Budhanilkantha Kathmandu, State 3",3.0,,Kathmandu,house,Semi-commercial,West,3.0,4.0,1.0,1.0,6.0,Motorbike,,3.5,2070,"(1.) 3 ½ तला घर भाडामा स्थान - चपली बुढानिलकण्ठ, काठमान्डौ एभरेस्ट बैंक को अपोजिट क्षेत्रफल - ग्राउण्ड फ्लोर -९५० बर्ग फुट ( कमर्सियल युज )                                                                                                                              1st   फ्लोर - ९५० बर्ग फुट ( कमर्सियल युज ) 2nd  फ्लोर-   ४ वटा कोठा                                                                                                                                                                                 3rd  फ्लोर-  किचन- १ , डाइनिंग - १ जम्मा भाडा रु - १५००००/- प्रति महिना सम्पर्क न - ९८०२३४५३००",kathmandu,gharghaderi.com
4358,Building for rent,200000.0,7187.25,20.0,"Mhepi Kathmandu Metropolis Kathmandu, State 3",3.0,Mhepi Kathmandu Metropolis,Kathmandu,house,Semi-commercial,West,8.0,5.0,5.0,1.0,15.0,Car 5-10,,3.0,2066,"Primary school/montessori, School, hostel, lodging, godam ko lagi suitable hune 3 talla building jasma 21 rooms ra sabai tira bata accessible bato vayeko building rent ma if someone is seriously interested do contact us.(ghar maintenance garnu parne cha so rent ma hami consider garne chaum)",kathmandu,gharghaderi.com
4079,House on Rent,25000.0,,13.0,"Thali 7 Gokarna Kathmandu, State 3",7.0,,Kathmandu,house,Residential,East,4.0,3.0,8.0,,,Car 1,,2.5,2076,"I have two new two-and-a-half-story houses for rent in Thali as well as in Itahari. Both houses are brand new, and I would like to rent out the entire property.",kathmandu,gharghaderi.com
4023,House for rent built on 7 Anna  land for 95k per month,95000.0,,,"Maijubahal 07 Chabahil Kathmandu , State 3",7.0,,Kathmandu,house,Residential,South,4.0,6.0,1.0,,,Car 2,,2.5,2067,Two and half storey building located at chabahil Maijubahal is available for rent,kathmandu,gharghaderi.com
3942,"Semifurnished building on rent in Sitapaila Kathmandu [best for Banks, NGOs,  INGOs, IT offices]",170000.0,2395.75,14.0,"Sitapaila Milan Tole 4 Nagarjun Kathmandu, State 3",4.0,,Kathmandu,apartments,Semi-commercial,East,4.0,4.0,2.0,1.0,7.0,Car 5+,,2.5,2076,"An entire house is available for rent in Sitapaila, Milan Tole Ring Road, Kathmandu. This attractive property is situated on a 7 aana plot of land in the prime commercial area of Sitapaila Milan Tole. It comes with a dedicated underground parking space and a convenient godown facility. It's nearby Salesberry department store and Rato bhale restaurant. The house boasts 4 bedrooms, 2 spacious living rooms, and a well-equipped kitchen. There's ample parking space for both four-wheelers and two-wheelers, ensuring convenience for residents. Additionally, it provides a reliable source of drinking water and offers plenty of room for comfortable living. This house presents an excellent opportunity for anyone looking to generate rental income. It offers overall convenience and easy access to various markets and educational institutions. The location itself is a prominent hub in the area. The monthly rental price for the entire house is 1 lakh 70 thousand, with the possibility of negotiation for serious tenants.",kathmandu,gharghaderi.com
3919,"NEWLY CONSTRUCTED HOME FOR RENT IN (sunderbasti ,Budhanilkantha ) behind VALLEY PUBLIC H.S school",55000.0,1745.47,14.0,"sundarbasti (valley public school) 8 Budhanilkantha Kathmandu, State 3",8.0,,Kathmandu,house,,East,4.0,3.0,12.0,,,Car 1,,2.0,2076,The location is just behind valley public H.S school.,kathmandu,gharghaderi.com
3843,House for Rent in Baluwatar,350000.0,1500.0,16.0,"Baluwatar 4 Kathmandu Kathmandu, State 3",4.0,,Kathmandu,house,Semi-commercial,East,8.0,8.0,15.0,,,Car 3-5,,4.5,2076,"A four story house in BALUWATAR for Rent. The house is under construction and will be completed within 6 months as per your requirement. The Detail is as follows: 1. Location: Nearby Panchakanya School and old Ward No 4 Ward Office. 2. Built up area: 1200 Squire Feet per floor, Total 6000 Squire Feet. 3. Good for Office and Residential purpose. 4. Parking: 4 cars and many Bikes. 5. Road Size: 14 feet pitched road. 6. Contact: 9851196789. 7. Good location and rent will be negotiated. THANK YOU VERY MUCH.",kathmandu,gharghaderi.com
3839,House on rent in Civil Homes Ramkot,48000.0,1200.0,13.0,"Ramkot Nagarjun Kathmandu, State 3",3.0,,Kathmandu,house,Residential,East,3.0,2.0,6.0,,,Car 1,,2.5,2075,- 5 minutes drive from the main road - facility of security guards - easy access to groceries - perfect for a small family - parking space available,kathmandu,gharghaderi.com
3831,house on rent at sanobharyang sold,450000.0,1711.25,13.0,"sanobharyang 1 Nagarjun Kathmandu, State 3",1.0,,Kathmandu,house,Semi-commercial,North east,8.0,8.0,15.0,,,Car 5-10,,3.0,2066,Code:FHS420R house on rent at sanobharyang 53 Aana land with 15bhk 12(7 attached bathroom) room house on rent 100m from ring road rent 4.50 lakh more details call viber whatsapp +9779863680035 +9779813794428,kathmandu,gharghaderi.com
3743,house on rent at baluwatar sold,225000.0,13690.0,20.0,"baluwatar 4 Kathmandu Metropolis Kathmandu, State 3",4.0,Kathmandu Metropolis,Kathmandu,house,Residential,South east,4.0,4.0,8.0,,,Car 3-5,,2.5,2068,"Code:FHS411R house on rent baluwatar 4Bhk main place pure resident 1 atchaed 40 aana land guard room partially furnished rent 225k more details call viber whatsapp 9863680035,9813794428",kathmandu,gharghaderi.com
3684,House on rent for foreigners and diplomats !!,130000.0,,20.0,"Hepali Height, Golfutar 7 Budhanilkantha Kathmandu, State 3",7.0,,Kathmandu,house,Residential,North,4.0,4.0,1.0,,,Car 3-5,,2.5,2066,"House on rent for specially foreigners and diplomats at reasonable rate. 2.5 Storey  Bungalow having 12 Anna of land area with 20 plus feet road access is on rent at Hepali Height, Kathmandu Land Area: 12 Anna Bedrooms: 4 Dining Room: 1 Kitchen: 1 Store: 1 Ground floor Lobby: 1 Guest Room: 1 Bathroom: 4 Small garden: 1 Parking Capacity: 4 vehicle",kathmandu,gharghaderi.com
3578,House for rent in Buddhanagar Kathmandu,100000.0,1882.38,20.0,"Naya baneshwor 10 Kathmandu Metropolis Kathmandu, State 3",10.0,Kathmandu Metropolis,Kathmandu,house,Bungalow,East,5.0,3.0,14.0,,,Car 1,,2.5,2066,It is a 2.5 storey building suitable for office use as well as residential use. One private  parking for a car and few motor bikes.,kathmandu,gharghaderi.com
3486,"3BHK apartment for RENT, Tahchal, Kathmandu",45000.0,,16.0,"Tahchal Kathmandu Metropolis Kathmandu, State 3",3.0,Tahchal Kathmandu Metropolis,Kathmandu,house,Residential,West,3.0,1.0,4.0,,,Car 1,,2.0,2074,"Amazing 3 Bedroom apartment with a backyard is available for rent. ?Location: Tahachal, Kathmandu 3 Bedroom • 1Living • 1 kitchen • 1 Bathroom • Backyard ** call us for more detail: 9802600333",kathmandu,gharghaderi.com
3397,"House for Rent in Lazimpat, Kathmandu",100000.0,,,"Near Neel Saraswati mandir Lalitpur Metropolis Kathmandu, State 3",3.0,Near Neel Saraswati mandir Lalitpur Metropolis,Kathmandu,house,,East,4.0,3.0,1.0,,,Motorbike,,2.5,2067,,kathmandu,gharghaderi.com
3318,Baneshwor House For Rent,200000.0,,13.0,"Baneshwor Kathmandu Metropolis Kathmandu, N/A",,Baneshwor Kathmandu Metropolis,Kathmandu,house,Semi-commercial,East,8.0,4.0,5.0,4.0,,Motorbike,,4.0,2076,"Property Description Just less than 1 minute walking distance from main road of Baneshwor, near Alfa Beta Institute and Kantipur college. FEATURES: . Land : 5 aana 5 paisa 3 dam : 4 Storey Single  Semi Commercial  House Rent: 2 lakh/month . Ground Floor: 2 shutters ( Shop and finance company), 2 rooms, bath, kitchen . 2nd Floor: 4 rooms, kitchen & bathroom . 3rd Floor: Large living room, master bedroom, extra bedroom and kitchen bathroom . 4th Floor: 4 bedrooms and kitchen Parking spaces: 1 car and 5 motorcycles Water, drainage, solar water everything’s ready Note:  Perfect Location for banks, hostels and corporate offices. Contact: WhatsApp/Viber: +447863740551 ?? UK",kathmandu,gharghaderi.com
3188,"Bungalow House for Rent in Hattigauda,Budhanilkantha",150000.0,,,"Hattigauda Budhanilkantha Kathmandu, State 3",3.0,,Kathmandu,house,Bungalow,South west,5.0,4.0,6.0,,,Car 3-5,,3.5,2076,"Land Size: 20 Anna Location: Hattigauda, Inside of Ganesh Chowk Specifications: 3 Storey Bungalow House, 5 bedroom, 4 bathroom, Enough Parking space for 5 cars, Garden",kathmandu,gharghaderi.com
3176,"3 BHK flat in Budhanilakantha-1, Taulung Chautari Marg near Buddha Laxmi Mandir",30000.0,1000.0,,"Taulung Chautara Marg 1 Budhanilkantha Kathmandu, State 3",1.0,,Kathmandu,house,Residential,South,3.0,2.0,5.0,,,Car 2,1000.0,1.0,2076,3 BHK flat where every room receive sunlight. Natural fresh air and water is special  gift to us.,kathmandu,gharghaderi.com
9732,HR-322 office space available Dillibazar,150000.0,,13.0,"Dillibazar 10 Kathmandu Metropolis Kathmandu, Bagmati",10.0,Kathmandu Metropolis,Kathmandu,flats,Choose Type,Select Direction,,,,,,,,,Select Year,Office space available Dillibazar Property Code:-HR 322 Rent :-1.50k Per Month Location: Dillibazar Room: -3 Bathrooms:-1 Furnishing:-Fully furnished with furniture Parking:- Few Bikes Contact no Phone Numbers – 984-5877861 –  9762791735 –  9762791734 –  9762791738 Landline number +97715253861 ️ Facilities – ️ Electricity See,bhaktapur,gharghaderi.com
9543,Independent flat for rent in Kathmandu,50000.0,1197.88,14.0,"Gongabu 26 Kathmandu Metropolis Kathmandu, Bagmati",26.0,Kathmandu Metropolis,Kathmandu,flats,Furnished,North,4.0,3.0,,1.0,,Car 1,1350.0,1.5,2071,Prime location. Posh area. Open public space in front of house.,bhaktapur,gharghaderi.com
9368,"2 Rooms near sorhakhutte petrol pump for office ,godown,online shop",15500.0,1540.12,12.0,"nayabazar 16 Kathmandu Metropolis Kathmandu, Bagmati",16.0,Kathmandu Metropolis,Kathmandu,flats,Commercial,East,,1.0,,,,Motorcycle,800.0,,2065,"नयाबजार सोह्रखुट्टे पेट्रोल पम्प नजिकै दुइटा रूम 2  rooms =ground floor 1st room =10fx11f 2nd room =10fx10f near sorkhutte main road useful  for office cargo, tours & travel  godwon, online shop etc near to main road parking facility 24 hr water supply located @ prime area of the ktm",bhaktapur,gharghaderi.com
9143,Fully furnished office space for rent at sukedhara ringroad track,65000.0,1540.12,,"Sukedhara Kathmandu Metropolis Kathmandu, Bagmati",,Sukedhara Kathmandu Metropolis,Kathmandu,flats,Furnished,South West,,1.0,,,,Motorcycle,,1.0,2081,Fully furnished office space for rent at sukedhara ring road track...opposite of mercure hotel...only 100m from sukedhara ringroad track...bike parking available....equipped with AC,bhaktapur,gharghaderi.com
9043,"Flat bhada ma office ko lagi- Tinkune, Kathmandu",55000.0,1369.0,,"128 Aditi Marg, Subidha Nagar 34 Kathmandu Metropolis Kathmandu, Bagmati",34.0,Kathmandu Metropolis,Kathmandu,flats,Residential,Select Direction,2.0,1.0,,1.0,,Motorcycle,,1.0,2065,,bhaktapur,gharghaderi.com
8914,"Flat for Rent: Tokha 06, Dhapasi sold",15000.0,1026.75,15.0,"Tokha:06, Dhapasi, near Manakamana temple 06 Tokha Kathmandu, Bagmati",6.0,,Kathmandu,flats,Semi-furnished,West,2.0,1.0,,1.0,,Car 1,3.0,1.0,2081,Phone number;9844707940. Ladies or small family are preferred. Quite environment.,bhaktapur,gharghaderi.com
8231,Flat On Rent At Dhumbarahi sold,85000.0,1369.0,,"Dhumbarahi Kathmandu Metropolis Kathmandu, Bagmati",,Dhumbarahi Kathmandu Metropolis,Kathmandu,flats,Commercial,Select Direction,3.0,2.0,,1.0,,,,1.0,Select Year,flat for rent at dhumbarahi commercial or residental for commercial 85k and for residential 75k 3bhk+1 bathrrom ======================= Code: FHS153F Call Viber WhatsApp Wechat 9863680035 *Free service for clients (ग्राहकलाई नि:शुल्क सेवा),bhaktapur,gharghaderi.com
7697,2 rooms at nayabazar sorkhutte near petrol pump sold,14000.0,1369.0,13.0,"nayabazar ,sorakhutte 16 Kathmandu Metropolis Kathmandu, Bagmati",16.0,Kathmandu Metropolis,Kathmandu,flats,Semi-commercial,East,1.0,1.0,,1.0,,Motorcycle,1100.0,,2065,2 rooms  flat with sharing bathroom sorakhtte bus stop near petrol pump for office or residential purpose sharing terrace,bhaktapur,gharghaderi.com
7330,Office Space available for rent at kamaladi,165000.0,,,"kamaladi 28 Kathmandu Metropolis Kathmandu, Bagmati",28.0,Kathmandu Metropolis,Kathmandu,flats,Commercial,North,,,,,,,4000.0,,2065,parking space available for cars and bike no problem for water and 3 phase line,bhaktapur,gharghaderi.com
6891,Flat rent near Lolang Height,20000.0,1197.88,10.0,"Tarkeshwor 06 Tarakeshor Kathmandu, Bagmati",6.0,,Kathmandu,flats,Residential,East,2.0,1.0,,1.0,,Motorcycle,,1.0,2080,"Flat available at 1st floor near Deepshikha High School, Lolang Height, KTM. 24hr Water Available, (3rooms and 1 kitchen). If anyone is interested, you can contact on 9843403067",bhaktapur,gharghaderi.com
6458,3BHK Flat for Rent in Panipokhari,45000.0,2738.0,10.0,"Maharajgunj 3 Kathmandu Metropolis Kathmandu, Bagmati",3.0,Kathmandu Metropolis,Kathmandu,flats,Residential,South East,3.0,2.0,,1.0,,Car 1,,1.0,Select Year,3 BHK Flat for Rent in Panipokhari Rentals most preferred are a Family Preference is also given for an Office Space (Occupancy for Office - 10-15 Employees),bhaktapur,gharghaderi.com
6351,Flat appartment at rent in Basbari kathmandu,40000.0,,12.0,"Basbari 3 Kathmandu Metropolis Kathmandu, Bagmati",3.0,Kathmandu Metropolis,Kathmandu,flats,Residential,North,2.0,2.0,,1.0,,Car 1,8.0,1.0,2070,"An furnished apartment in peace and secured place, between Gangalal hospital and Thai embasdy in Basbari Kathmandu.",bhaktapur,gharghaderi.com
6244,"House For Rent at Budhanilkantha, Kathmandu",200000.0,1369.0,13.0,"Budhanilkantha 10 Kathmandu Metropolis Kathmandu, Bagmati",10.0,Kathmandu Metropolis,Kathmandu,flats,Residential,East,4.0,5.0,,1.0,,,0.0,1.0,2081,,bhaktapur,gharghaderi.com
5518,1b1k flat at swoyambhu,8000.0,,,"Balaju 15 Kathmandu Metropolis Kathmandu, Bagmati",15.0,Kathmandu Metropolis,Kathmandu,flats,Choose Type,Select Direction,1.0,1.0,,1.0,,Motorcycle,,1.0,Select Year,"Ground floor flat apartment, very convenient location at Swoyambhu available now 1 rooms 1 big kitchen 1 bathroom Utilities will be shared. Tanker water. Sunny front and back yards Hot water Parking space. Bus stops nearby. Market area nearby for shopping, groceries. Location: swoyambhu vagban pau area contact: 9863 033 284 Rent: 8000",bhaktapur,gharghaderi.com
5328,Flat for Rent,30000.0,2395.75,13.0,"Siphal, Kalopul 07 Kathmandu Kathmandu, Bagmati",7.0,,Kathmandu,flats,Residential,East,2.0,1.0,,1.0,,Motorcycle,,1.0,Select Year,"Flat for Rent Plenty of Sun sine, big rooms, water facility Contact: 9818579253, 9823541969",bhaktapur,gharghaderi.com
5297,1BEDROOM WITH ATTACHED BATHROOM,16000.0,,9.0,"tahachal 13 Kathmandu Kathmandu, Bagmati",13.0,,Kathmandu,flats,Residential,West,1.0,1.0,,,,Car 1,700.0,1.0,2065,* Flooring type - carpeting * Parking - Yes * Furnishing state- Full furnished * Property on -3rdfloor * Laundry services - Available * Pets allowed- No * Listed by- Property Owner Basic amenities of the property * Both cold/hot water available 24 hrs. * Power backup system * Free wifi * Access to terrace * Parking space,bhaktapur,gharghaderi.com
5296,1 BEDROOM LIVINGROOM KITCHEN AND BATHROOM,24000.0,1369.0,9.0,"tahachal 13 Kathmandu Kathmandu, Bagmati",13.0,,Kathmandu,flats,Residential,West,1.0,1.0,,1.0,,Car 1,1200.0,1.0,2065,* FLOORING TYPE - CARPETING * PARKING - YES * FURNISHING STATE- FULL FURNISHED * PROPERTY ON - 1st * LAUNDRY SERVICES - AVAILABLE * PETS ALLOWED- NO * LISTED BY- PROPERTY OWNER BASIC AMENITIES OF THE PROPERTY * BOTH COLD/HOT WATER AVAILABLE * POWER BACKUP SYSTEM * FREE WIFI * ACCESS TO TERRACE,bhaktapur,gharghaderi.com
4735,"Flat for Rent, Pasikot Budhanilkantha",30000.0,1711.25,13.0,"Pasikot Budhanilkantha Kathmandu, Bagmati",,,Kathmandu,flats,Residential,East,2.0,1.0,,1.0,,Motorbike,,1.0,2076,"For rent flat at Pasikot, Budhanilkantha This is a beautiful, super clean, brand new apartment recently completed to a very high standard in a peaceful suburb and convenient location. The apartment offers: - 2 decent sized bedrooms - 1 living room - Brand new kitchen and 1 bathroon - Hot and cold shower. Its 6 minutes drive to Hattigaunda and close to bus stops. Looking for clean and tidy tenant who will take care of this property as their own. Please call if you are seriously interested. No time wasters please.",bhaktapur,gharghaderi.com
4252,Flat on rent for small family,20000.0,,13.0,"Nearby ringroad 4 Kathmandu Metropolis Kathmandu, State 3",4.0,Kathmandu Metropolis,Kathmandu,flats,Residential,South west,2.0,1.0,,1.0,,Car 1,,1.0,2067,Small family preferred,bhaktapur,gharghaderi.com
4209,"Flat for Sale at Mulpani, Tiwari Tole",10000.0,900.0,,"Mulpani, Tiwari Tole Jorpati Kathmandu, State 3",3.0,,Kathmandu,flats,,East,1.0,1.0,,1.0,,Motorbike,,1.0,2076,1 flat with available water 24/7. One bed room one living room spaceous kitchen area clean bathroom. For video contact: 9818126473,bhaktapur,gharghaderi.com
4188,2 beds flat for rent in Baluwatar,50000.0,,3.0,"Baluwatar 4 Kathmandu Metropolis Kathmandu, State 3",4.0,Kathmandu Metropolis,Kathmandu,flats,Residential,West,2.0,3.0,,1.0,,Motorbike,,1.0,2066,,bhaktapur,gharghaderi.com
4187,2 beds 2 baths flat for rent in Baluwatar,40000.0,,3.0,"Baluwatar 4 Kathmandu Metropolis Kathmandu, State 3",4.0,Kathmandu Metropolis,Kathmandu,flats,Residential,West,2.0,2.0,,1.0,,Motorbike,,1.0,2066,,bhaktapur,gharghaderi.com
4151,Flat on rent in tokha,9000.0,1500.0,20.0,"Phulbari Gate 01 Tokha Kathmandu, State 3",1.0,,Kathmandu,flats,Semi-commercial,East,3.0,1.0,,1.0,,Motorbike,,1.0,2066,24 hours water facility and easy access of transportation,bhaktapur,gharghaderi.com
3821,Office space on rent.,50000.0,,,"sifa,Gausala. 7 Kathmandu Metropolis Kathmandu, State 3",7.0,Kathmandu Metropolis,Kathmandu,flats,,East,1.0,1.0,,,,Motorbike,,1.0,2076,"House on rent: located in Sifal (near Gausala),Kathmandu. Floor: 3.5 Every floor has 1000 sq feet and the ground floor about 400 sq feet only. All are hall except the ground floor. The House is earthquake resistant. There is plenty of water supply and a 3 face electricity line. Parking: 1): 4 car and some motorcycle parking inside the property. 2) Enough parking space outside. For more details: , 9851120796",bhaktapur,gharghaderi.com
3806,Flat at sale sold,18000.0,2053.5,10.0,"Mandikhatar height 9 Budhanilkantha Kathmandu, State 3",9.0,,Kathmandu,flats,,North,2.0,1.0,,,,Car 2,,1.0,2074,Flat on sale for affordable price,bhaktapur,gharghaderi.com
3766,Flat for rent at budhanilkantha,12000.0,1369.0,16.0,"Khatri gau Budhanilkantha Kathmandu, N/A",,,Kathmandu,flats,,East,2.0,1.0,,,,Motorbike,,1.0,2075,"Flat for rent with 2 bedroom ,1 living room ,1 kitchen and 1toilet Location:budhanilkantha 6 Price :12,000 Contact : 9849431623 FOR MORE DETAIL",bhaktapur,gharghaderi.com
3713,Flat for rent in Mandikhatar near HAMS Hospital,32000.0,5476.0,8.0,"Mandikhatar, near HAMS Hospital 9 Budhanilkantha Kathmandu, State 3",9.0,,Kathmandu,flats,Residential,East,2.0,1.0,,,,Motorbike,,1.0,2066,"3 bedroom, 1 hall (2 rooms), 1 kitchen, 2 bathrooms (inside/outside) with garden.",bhaktapur,gharghaderi.com
3711,Flat rent at NEGOTIABLE price,55000.0,5476.0,10.0,"Lazimpat 26 kathmandu Kathmandu, State 3",26.0,,Kathmandu,flats,Furnished,East,3.0,2.0,,,,Car 1,,1.0,2076,Flat rent at negotiable price with -Hot and cold water -New furnishing -Car park -Backyard -Natural and comfortable environment,bhaktapur,gharghaderi.com
3643,2nd Floor in a House for Rent 3 Rooms 1 Kitchen,26000.0,,10.0,"Bafal, near Zenith School 13 Kathmandu Metropolis Kathmandu, State 3",13.0,Kathmandu Metropolis,Kathmandu,flats,Residential,East,2.0,1.0,,,,Motorbike,,1.0,2066,"2nd floor for rent in a house. 3 rooms and 1 kitchen, parking for upto 4 bikes. No water problem, always available. Nearby: Soalteemode, Kalanki, Kuleshwor, Rabibhawan, Siuchatar, Sitapaila, Chauni.",bhaktapur,gharghaderi.com
3606,Commercial Space for Rent,35000.0,1500.0,20.0,"Kuleshwor 14 Kathmandu Metropolis Kathmandu, State 3",14.0,Kathmandu Metropolis,Kathmandu,flats,Semi-commercial,East,5.0,1.0,,,,Car 1,,1.0,2066,"Flat for Rent- 1500 sq ft (5 rooms + 1 toilet + 1 kitchen + 1 small and 1 big balcony) Suitable For Office, Godown Located in main road- Lik Margha, Sunargaun, Kuleshwor Parking Available",bhaktapur,gharghaderi.com
3501,"Flat for rent in Sattungal (Chandragiri-12), Kathmandu",18000.0,4449.25,20.0,"Satungal 12 Chandragiri Kathmandu, State 3",12.0,,Kathmandu,flats,Residential,South west,2.0,1.0,,,,Car 2,,1.0,2074,"A flat for rent in a nicely built and well-equipped 2.5-story building (spacious rooms and bathrooms) in Chandragiri-12, Satungal (100 m from the main Prithivi highway).  The owner has two large dogs (Rocky: St. Bernard and Jacky: German Shepherd) - trained dogs, very protective dogs (please see the attached photos). So, only dog lovers are welcome to apply/contact us. You may need a few days to familiarize yourself with the dogs before the dogs are confident about you living in the house. We will help you mingle with these smart dogs. The front yard is ~ 4 aana with a beautiful flower garden; whereas there are extra 5 aanas of land for vegetable growing (please find the picture attached). That being said, you may not need to buy vegetables. Hot water is available, internet/TV cables are available (you may pay half or 30% of the cost), and extra garage space is available for storage and/or motorcycle parking. For rental inquiries, please contact: Shova Giri (phone No:  9818774857) or Ranjita Giri (9860498591)",bhaktapur,gharghaderi.com
3377,Rent flat,13000.0,2053.5,10.0,"Jorpati narayantar shivachowk 8 Kageswori manohara Kathmandu, State 3",8.0,,Kathmandu,flats,Residential,East,2.0,1.0,,,,Motorbike,,1.0,2076,"All to gather 3 bed rooms 1 kitchen.  2 bed rooms  1 bath room  with toilet electric gizer,  chimney facility door separate. Milan 9841443725",bhaktapur,gharghaderi.com
3358,Flat available for rent,20000.0,,10.0,"Mandikhatar 9 Budhanilkantha Kathmandu, State 3",9.0,,Kathmandu,flats,Residential,North,2.0,1.0,,,,Motorbike,,1.0,2076,,bhaktapur,gharghaderi.com
3396,A Fully Furnished Flats for Rent,125000.0,2000.0,,"Bhainsepati Kathmandu Lalitpur Metropolis Lalitpur, State 1",1.0,Bhainsepati Kathmandu Lalitpur Metropolis,Kathmandu,flats,Residential,West,3.0,3.0,,,,Car 1,,4.0,2076,"A Fully Furnished 2000sqft 3BHK Flats are available for rent at Bhaisepati Kathmandu , Attached A/C Rooms with Balcony , Hot & Cold water, Modular Kitchen , Living & Dinning and Ample Parking Space",lalitpur,gharghaderi.com
9309,Flat for rent in Kirtipur,40000.0,,,"Kirtipur 5 Kirtipur Kathmandu, Bagmati",5.0,,Kathmandu,apartments,,West,2.0,1.0,,1.0,,Motorcycle,,1.0,2082,"Flat for rent in newly built home with 2 bedroom, 1 living area,  private bathroom and own kitchen. Carpark is also available. Facility of water. It's only for those who loves to keep space clean and tidy. There will be inspection every 6 months.",kathmandu,gharghaderi.com
9130,"Luxurious-Apartment on rent at Sun city, Pepsicola",55000.0,,,"Pepsicola Kageshwori Manohara Kathmandu, Bagmati",,,Kathmandu,apartments,,West,3.0,1.0,,1.0,,,859.0,1.0,Select Year,,kathmandu,gharghaderi.com
8627,"Bright &amp; Peaceful 2BHK in Ramhiti, Boudha",46000.0,2395.75,13.0,"Boudha 5 Kathmandu Metropolis Kathmandu, Bagmati",5.0,Kathmandu Metropolis,Kathmandu,apartments,,East,2.0,1.0,,1.0,,Cars 5-10,,1.0,2080,"Bright & Peaceful 2BHK in Ramhiti, Boudha Fully furnished 2-bedroom apartment in a quiet, green, and safe neighborhood. Enjoy natural light, a cozy living room with LED TV, functional kitchen, clean bathroom, spacious yard, and parking. Free use of washing machine included! Location: Ramhiti, Boudha Contact: 9765545304 (WhatsApp/Viber/Messenger) Note: We provide special discounts for tenants with long- term stays.",kathmandu,gharghaderi.com
8626,"Furnished 2BHK Apartment for Rent in Ramhiti, Boudha",48000.0,2395.75,13.0,"Boudha 6 Kathmandu Metropolis Kathmandu, Bagmati",6.0,Kathmandu Metropolis,Kathmandu,apartments,,East,2.0,1.0,,1.0,,Cars 5-10,,1.0,2080,"Namaste! Fully Furnished 2BHK Apartment for Rent in Ramhiti, Boudha. Located in a peaceful, green area, this east-facing apartment offers 2 comfy bedrooms, a cozy living room with LED TV, functional kitchen, and clean bathroom. Enjoy a spacious front yard, ample parking, and free access to a washing machine. For details, contact 9765545304 (WhatsApp/Viber/Messenger) Email: Note: We provide special discounts for tenants with long- term stays.",kathmandu,gharghaderi.com
8625,"1BHK Apartment for Rent – Ramhiti Oralo, Boudha",36000.0,2395.75,13.0,"Boudha 6 Kathmandu Metropolis Kathmandu, Bagmati",6.0,Kathmandu Metropolis,Kathmandu,apartments,,East,,1.0,,1.0,,Cars 5-10,,1.0,2080,"Fully-Furnished 1BHK Apartment for Rent – Ramhiti Oralo, Boudha Peaceful, ready-to-move 2nd-floor apartment ideal for a single, couple, or small family. 1 Bedroom | Dining | Kitchen | Bathroom | Large East-Facing Balcony Garden, terrace & rooftop seating with natural views Parking for car & bike |   Free washing machine use Location: Ramhiti Oralo, Boudha 9765545304 (WhatsApp/Viber) Note: We provide special discounts for tenants with long- term stays.",kathmandu,gharghaderi.com
8624,"1BHK Apartment on rent at Grande tower, Kathmandu",65000.0,2053.5,20.0,"Tokha Kathmandu Metropolis Kathmandu, Bagmati",,Tokha Kathmandu Metropolis,Kathmandu,apartments,,South,1.0,1.0,,1.0,,Motorcycle,,,Select Year,"1BHK Apartment on rent at Grande tower, Kathmandu Key Features: Property Code:-HR 250 Rent :- 65k Per Month Location:- Grande tower Apartment, Tokha Bedrooms:- 1 Bathrooms:-1 Living Hall:-1 Modular Kitchen & Dining:-1 Furnishings:-Fully-Furnished Contact Us Phone Numbers 984-5877861 –  9762791734 –  9762791735 – 9864032233 Landline number +97715253861 ️ Facilities – ️ Electricity – ️ Cable Connection – ️ Peaceful Environment – ️ 24/7 Water Supply – ️ No Vehicle & Sound Pollution For More Information Contact Details Indus Property Nepal Pvt. Ltd Email: [](mailto:) Website: [ Facebook Page: [Indus Property]( Instagram: [Contact Us]( #realestateagent #propertyinnepall #foryoupagereels #trendingreelsvideo #kathmandu #lalitpur #Induspropertynepal #TrustedRealEstateExpert #realestateexpertpert #toprealestateagent #propertynepal",kathmandu,gharghaderi.com
8578,"Studio Apartment on rent at Lazimpath, Kathmandu",60000.0,1711.25,20.0,"Lazimpath Kathmandu Metropolis Kathmandu, Bagmati",,Lazimpath Kathmandu Metropolis,Kathmandu,apartments,,South,1.0,1.0,,1.0,,,,,Select Year,"Studio Apartment on rent at Lazimpath, Kathmandu Key Features: Property Code:-HR 245 Price :- 60k Per Month Land Area:- 550 sq.ft Location:- Lazimpath Furnishings:-Fully -Furnished Facing:- South Contact Us Phone Numbers 984-5877861 –  9762791734 –  9762791735 – 9864032233 Landline number +97715253861 ️ Facilities – ️ Electricity – ️ Cable Connection – ️ Peaceful Environment – ️ 24/7 Water Supply – ️ No Vehicle & Sound Pollution For More Information Contact Details Indus Property Nepal Pvt. Ltd Email: [](mailto:) Website: [ Facebook Page: [Indus Property]( Instagram: [Contact Us]( #realestateagent #propertyinnepall #foryoupagereels #trendingreelsvideo #kathmandu #lalitpur #Induspropertynepal #TrustedRealEstateExpert #realestateexpertpert #toprealestateagent #",kathmandu,gharghaderi.com
8572,"Apartment on rent at Lazimpath, Kathmandu 90k per month",90000.0,2053.5,20.0,"Lazimpath Kathmandu Metropolis Kathmandu, Bagmati",,Lazimpath Kathmandu Metropolis,Kathmandu,apartments,,South,2.0,1.0,,1.0,,,,,Select Year,"2BHK Apartment on rent at Lazimpath, Kathmandu Key Features: Property Code:-HR 244 Price :- 90k Per Month Land Area:- 1250 sq.ft Location:- Lazimpath Bedrooms:- 2 Bathrooms:-1 Living Hall:-1 Modular Kitchen & Dining:-1 Furnishings:-Fully -Furnished Facing:- South Contact Us Phone Numbers 984-5877861 –  9762791734 –  9762791735 – 9864032233 Landline number +97715253861 ️ Facilities – ️Internet free – ️Management free – ️House keeping free – ️ Electricity charges apply – ️ Cable Connection – ️ Peaceful Environment – ️ 24/7 Water Supply – ️ No Vehicle & Sound Pollution For More Information Contact Details Indus Property Nepal Pvt. Ltd Email: [](mailto:) Website: [ /> Facebook Page: [Indus Property]( /> Instagram: [Contact Us]( />#Induspropertynepal #realestateagent #propertyinnepall #foryoupagereels #trendingreelsvideo #kathmandu #lalitpur #Induspropertynepal #TrustedRealEstateExpert #realestateexpertpert #toprealestateagent #propertynepal",kathmandu,gharghaderi.com
8558,"Apartment on rent at Lazimpath, Kathmandu 70k per month",70000.0,1711.25,20.0,"Lazimpath Kathmandu Metropolis Kathmandu, Bagmati",,Lazimpath Kathmandu Metropolis,Kathmandu,apartments,,South,1.0,1.0,,1.0,,,800.0,,Select Year,"1BHK Apartment on rent at Lazimpath, Kathmandu Key Features: Property Code:-HR 243 Price :- 70k Per Month Land Area:- 800 sq.ft Location:- Lazimpath Bedrooms:- 1 Bathrooms:-1 Living Hall:-1 Modular Kitchen & Dining:-1 Furnishings:-Fully -Furnished Facing:- South Contact Us Phone Numbers 984-5877861 –  9762791734 –  9762791735 – 9864032233 Landline number +97715253861 ️ Facilities – ️ Electricity – ️ Cable Connection – ️ Peaceful Environment – ️ 24/7 Water Supply – ️ No Vehicle & Sound Pollution For More Information Contact Details Indus Property Nepal Pvt. Ltd Email: [](mailto:) Website: [ /> Facebook Page: [Indus Property]( /> Instagram: [Contact Us]( />#Induspropertynepal #realestateagent #propertyinnepall #foryoupagereels #trendingreelsvideo #kathmandu #lalitpur #Induspropertynepal #TrustedRealEstateExpert #realestateexpertpert #toprealestateagent #propertynepal",kathmandu,gharghaderi.com
8549,"2 bhk Apartment on rent at Lazimpath, Kathmandu 85k rent",85000.0,1711.25,20.0,"Lazimpath Kathmandu Metropolis Kathmandu, Bagmati",,Lazimpath Kathmandu Metropolis,Kathmandu,apartments,,East,2.0,1.0,,1.0,,Motorcycle,,,Select Year,"Fully-Furnished Apartment on rent at Lazimpath, Kathmandu Key Features: Property Code:-HR 242 Price :- 85k Per Month Location:- Lazimpath Bedrooms:- 2 Bathrooms:-1 Living Hall:-1 Modular Kitchen & Dining:-1 Furnishings:-Fully -Furnished Facing:- South Contact Us Phone Numbers 984-5877861 –  9762791734 –  9762791735 – 9864032233 Landline number +97715253861 ️ Facilities – ️ Electricity – ️ Cable Connection – ️ Peaceful Environment – ️ 24/7 Water Supply – ️ No Vehicle & Sound Pollution For More Information Contact Details Indus Property Nepal Pvt. Ltd Email: [](mailto:) Website: [ /> Facebook Page: [Indus Property]( /> Instagram: [Contact Us]( />#Induspropertynepal #realestateagent #propertyinnepall #foryoupagereels #trendingreelsvideo #kathmandu #lalitpur #Induspropertynepal #TrustedRealEstateExpert #realestateexpertpert #toprealestateagent #propertynepal",kathmandu,gharghaderi.com
8425,"Apartment on rent at Tokha, Budhanilkantha",60000.0,2053.5,13.0,"Tokha Budhanilkantha Kathmandu, Bagmati",,,Kathmandu,apartments,,South,3.0,2.0,,1.0,,,,,Select Year,"Fully- Furnished Apartment on rent at Tokha, Budhanilkantha Key Features: Property Code:-HR 238 Price :- 60k Per Month Location:- Tokha Bedrooms:- 3 Bathrooms:-2 Living Hall:-1 Modular Kitchen & Dining:-1 Furnishings:-Fully -Furnished Facing:- South Contact Us Phone Numbers –  9761108627 Landline number +97715253861 ️ Facilities – ️ Electricity – ️ Cable Connection – ️ Peaceful Environment – ️ 24/7 Water Supply – ️ No Vehicle & Sound Pollution For More Information Contact Details Indus Property Nepal Pvt. Ltd Email: [](mailto:) Website: [ Facebook Page: [Indus Property]( Instagram: [Contact Us]( #realestateagent #propertyinnepall #foryoupagereels #trendingreelsvideo #kathmandu #lalitpur #Induspropertynepal #TrustedRealEstateExpert #realestateexpertpert #toprealestateagent #propertynepalofficial #nepalhousingmarket",kathmandu,gharghaderi.com
8364,1 BHK Apartment on Rent at Tokha,50000.0,684.5,20.0,"tokha 3 Tokha Kathmandu, Bagmati",3.0,,Kathmandu,apartments,,East,1.0,1.0,,1.0,,Car 1,400.0,1.0,2078,"Apartment on rent at Grandy Tower, Kathmandu Key Features: Property Code:-HR 234 Price :- 50k Per Month Location:- Grandy Tower,Kathmandu Bedrooms:- 1 Bathrooms:-1 Living Hall:-1 Modular Kitchen & Dining:-1 Furnishings: Full-Furnished Facing:- South Contact Us Phone Numbers –   9761108627 –   9762791734 –   9762791735 –  9864032233 Landline number +97715253861",kathmandu,gharghaderi.com
8320,"1 BHK Apartment on Rent at Tokha, Kathmandu",50000.0,800.0,20.0,"Tokha Budhanilkantha Kathmandu, Bagmati",,,Kathmandu,apartments,,North,1.0,1.0,,1.0,,Car 1,800.0,1.0,2080,"Your Dream Apartment Awaits! 1BHK Full or Non Furnished Apartment on rent at Tokha, Kathmandu ! Key Features: Property Code:-AR 20 Price :- 50K (Negotiable) Land Area :- 800Sq. ft Bedrooms:-1 Bathrooms:-1 Living Hall:-1 Modular Kitchen & Dining:-1 Facing:- South Road excess:-20ft Furnishings:- Fully-Furnished Balcony:- yes Parking:- 1 car Location:- Grandy Tower, Tokha 𝐅𝐨𝐫 𝐌𝐨𝐫𝐞 𝐃𝐞𝐭𝐚𝐢𝐥𝐬: 𝐖𝐡𝐚𝐭𝐬𝐚𝐩𝐩/𝐕𝐢𝐛𝐞𝐫: 9761108627, 9762791735, 9845877861, 9864032233, Landline number +97715253861",kathmandu,gharghaderi.com
8236,"Apartment on rent at Dhumbarahi, Kathmandu",85000.0,2053.5,13.0,"Dhumbarahi Kathmandu Metropolis Kathmandu, Bagmati",,Dhumbarahi Kathmandu Metropolis,Kathmandu,apartments,,South,2.0,1.0,,1.0,,Motorcycle,,,Select Year,"Beautiful Apartment on Rent at Dhumbarahi, Kathmandu Key Features: Property Code:-HR 225 Price :- 85K Per Month Location:- Dhumbarahi Bedrooms:- 2 Bathrooms:-1 Living Hall:-1 Modular Kitchen & Dining:-1 Furnishings: Fully-Furnished Facing:- South Contact Us Phone Numbers –  984-5877861 –  9762791734 –  9762791735 – 9864032233 Landline number +97715253861 ️ Facilities – ️ Electricity – ️ Cable Connection – ️ Peaceful Environment – ️ 24/7 Water Supply – ️ No Vehicle & Sound Pollution For More Information Contact Details Indus Property Nepal Pvt. Ltd Email: [](mailto:) Website: [ Facebook Page: [Indus Property]( Instagram: [Contact Us]( #realestateagent #propertyinnepall #foryoupagereels #trendingreelsvideo #kathmandu #lalitpur #Induspropertynepal #TrustedRealEstateExpert #realestateexpertpert #toprealestateagent #propertynepalofficial #nepalhousingmarket",kathmandu,gharghaderi.com
8235,"2bhk lavishly furnished apartment rent at Naxal, Kathmandu sold",99000.0,,20.0,"Naksal Kathmandu Metropolis Kathmandu, Bagmati",,Naksal Kathmandu Metropolis,Kathmandu,apartments,,South,2.0,2.0,,1.0,,Car 1,1200.0,5.0,2069,"Welcome to ACE Apartment! Your Dream 2BHK Awaits! +977 9745974563 Experience the perfect blend of luxury, comfort, and safety in every detail of our spacious 2BHK apartment, located in the vibrant heart of Kathmandu. Apartment Features: * ️ 2 Bedrooms with 2 attached bathrooms *  Southwest-facing Balcony offering scenic views and optimal natural light * ️ Open-plan Living & Dining Area for a modern, spacious feel – designed for your comfort Premium Amenities & Safety Features: *  Lush Garden * ‍️ Indoor Heated Swimming Pool *  Sauna *  Fully-equipped Gym * 🅿️ Ample Parking *  Community Hall * ️ Low-rise Apartment Building *  Fire Alarm,  Extinguishers, &  Smoke Detectors – for your peace of mind * 24/7 Security - ensuring a safe living environment Prime Location: * Strategically located in Naxal, the Heart of Kathmandu. Enjoy convenience and accessibility. Rental Details: * Price: $900 USD/Month * Availability: Long-term stays only Inquiries & Viewings: * Call/Viber/WhatsApp: +977 9745974563 * Email:",kathmandu,gharghaderi.com
8223,"Apartment on rent at Budhanilkantha, Kathmandu",60000.0,2053.5,13.0,"Budhanilkantha Kathmandu Metropolis Kathmandu, Bagmati",,Budhanilkantha Kathmandu Metropolis,Kathmandu,apartments,,South,2.0,1.0,,1.0,,,,,Select Year,"Beautiful Apartment on Rent at Budhanilkantha, Kathmandu Key Features: Property Code:-HR 224 Price :- 60K Per Month Location:- Budhanilkantha Bedrooms:- 2 Bathrooms:-1 Living Hall:-1 Modular Kitchen & Dining:-1 Furnishings: Fully-Furnished Facing:- South Contact Us Phone Numbers –   984-5877861 –   9762791734 –   9762791735 –  9864032233 Landline number +97715253861 Facilities –   Electricity –   Cable Connection –   Peaceful Environment –   24/7 Water Supply –   No Vehicle & Sound Pollution For More Information Contact Details Indus Property Nepal Pvt. Ltd Email: [](mailto:) Website: [ Facebook Page: [Indus Property]( Instagram: [Contact Us]( #realestateagent #propertyinnepall #foryoupagereels #trendingreelsvideo #kathmandu #lalitpur #Induspropertynepal #TrustedRealEstateExpert #realestateexpertpert #toprealestateagent #propertynepalofficial #nepalhousingmarket",kathmandu,gharghaderi.com
8087,Semi-Furnished 2 BHK Flat for Rent at Metro Apartments,39000.0,,20.0,"Kuleshwor Kathmandu Metropolis Kathmandu, Bagmati",,Kuleshwor Kathmandu Metropolis,Kathmandu,apartments,,South East,2.0,2.0,,1.0,,Car 1,1100.0,,2065,"Discover stylish urban living in this spacious, semi-furnished 2 BHK flat spanning 1,100 sq ft at Metro Apartments in Kuleshwor, Kathmandu. With generous natural light, modern comforts, and hillside views, it’s ideal for couples, small families, or professionals seeking space, security, and convenience. Apartment Features Total Area: 1,100 sq ft on a mid-level floor Bedrooms (2): Master (15′×11′) with built-in wardrobe and balcony access Second (12′×10′), perfect for guests or a home office Bathrooms (2): En-suite master bath with rain-shower head Common bath with wall-mounted fixtures Living & Dining: Living room designed for a three-seater sofa, entertainment system, and décor Separate dining area adjacent to a semi-furnished kitchenette with cabinets Balconies (3): Overlook landscaped gardens, street below, and rolling hills Parking: One covered car bay plus one motorcycle slot in gated garage Prime Location Address: Between Kuleshwor and Balkhu Road, Metro Apartments Healthcare: Five-minute walk to Vayodha Hospital Markets & Shopping: Kalimati Fruit and Vegetable Market, supermarkets, pharmacies within a 10-minute drive Schools & Offices: Renowned schools, colleges, and business centers in Sanepa reachable in under 15 minutes Transport: Public buses, taxis, and ride-share services are available at the main gate Building Amenities Two high-speed elevators serving every floor Grand reception lobby with visitor seating Landscaped central garden with benches and walking path In-building gym equipped with treadmills, stationary bikes, and weights Ground-floor grocery store, café, and daily-use retail outlets 24-hour water supply and automatic generator backup Earthquake-resistant RCC frame structure Safety & Security CCTV surveillance covering all entrances, corridors, and parking areas Trained security personnel on duty around the clock Secure access control at the driveway gate and lobby turnstile Fire-safety infrastructure: emergency staircases, smoke detectors, and extinguishers on each floor Community & Lifestyle Residents of Metro Apartments enjoy a warm, family-friendly environment. Social events in the common hall foster community bonding, while the garden offers a serene spot for yoga, meditation, or morning coffee. The covered parking and secure entry systems ensure peace of mind, and nearby cafés, parks, and community centers provide ample leisure options. Rent, Terms & Contact Monthly Rent: NPR 39,000 Society Maintenance: NPR 5,000 Security Deposit: Two months’ rent (negotiable) Lease Duration: Minimum one year Availability: Immediate move-in To schedule a private viewing, virtual tour, or for further details, please contact: Phone / WhatsApp: 98413 33358",kathmandu,gharghaderi.com
8061,"1BHK Apartment on rent at Samakhusi, Kathmandu",60000.0,1369.0,13.0,"Samakhusi Kathmandu Metropolis Kathmandu, Bagmati",,Samakhusi Kathmandu Metropolis,Kathmandu,apartments,,South,1.0,2.0,,1.0,,Car 1,,,Select Year,"Beautiful 1BHK Apartment on Rent at Samakhusi,Kathmandu Key Features: Property Code:-HR 216 Price :- 60K Per Month Location:- Samakhusi Bedrooms:- 1 Bathrooms:-1/1 Attached Living Hall:-1 Modular Kitchen & Dining:-1 Furnishings: Fully-Furnished Facing:- South Contact Us Phone Numbers –  984-5877861 –  9762791734 –  9762791735 – 9864032233 – 9766389438 ️ Facilities – ️ Electricity – ️ Cable Connection – ️ Peaceful Environment – ️ 24/7 Water Supply – ️ No Vehicle & Sound Pollution For More Information Contact Details Indus Property Nepal Pvt. Ltd Email: [](mailto:) Website: [ Facebook Page: [Indus Property]( Instagram: [Contact Us]( #realestateagent #propertyinnepall #foryoupagereels #trendingreelsvideo #kathmandu #lalitpur #Induspropertynepal #TrustedRealEstateExpert #realestateexpertpert #toprealestateagent #propertynepalofficial #nepalhousingmarket",kathmandu,gharghaderi.com
8033,"Apartment on rent at Tokha, Kathmandu rent 70k per month",70000.0,1369.0,13.0,"Tokha Kathmandu Metropolis Kathmandu, Bagmati",,Tokha Kathmandu Metropolis,Kathmandu,apartments,,South,3.0,2.0,,1.0,,Motorcycle,,,Select Year,"Fully-Furnished Apartment on Rent at Tokha, Kathmandu Key Features: Property Code:-HR 215 Price :- 70K Per Month Location:- Tokha, Grandy Tower Bedrooms:- 3 Bathrooms:-2 Living Hall:-1 Modular Kitchen & Dining:-1 Furnishings: Fully-Furnished Facing:- South Storey:-9 Contact Us Phone Numbers –  984-5877861 –  9762791734 –  9762791735 – 9864032233 – 9766389438 ️ Facilities – ️ Electricity – ️ Cable Connection – ️ Peaceful Environment – ️ 24/7 Water Supply – ️ No Vehicle & Sound Pollution For More Information Contact Details Indus Property Nepal Pvt. Ltd Email: [](mailto:) Website: [ /> Facebook Page: [Indus Property]( /> Instagram: [Contact Us]( />#Induspropertynepal #realestateagent #propertyinnepall #foryoupagereels #trendingreelsvideo #kathmandu #lalitpur #Induspropertynepal #TrustedRealEstateExpert #realestateexpertpert #toprealestateagent #propertynepalofficial #nepalhousingmarket",kathmandu,gharghaderi.com
7973,"Apartment on rent at Tokha, Kathmandu",70000.0,1369.0,13.0,"Tokha Kathmandu Metropolis Kathmandu, Bagmati",,Tokha Kathmandu Metropolis,Kathmandu,apartments,,South,3.0,2.0,,1.0,,Motorcycle,,,Select Year,"Fully-Furnished Apartment on Rent at Tokha, Kathmandu Key Features: Property Code:-HR 213 Price :- 70K Per Month Location:- Tokha, Grandy Tower Bedrooms:- 3 Bathrooms:-2 Living Hall:-1 Modular Kitchen & Dining:-1 Furnishings: Fully-Furnished Facing:- South Storey:-9 Contact Us Phone Numbers –  984-5877861 –  9762791734 –  9762791735 – 9864032233 – 9766389438 ️ Facilities – ️ Electricity – ️ Cable Connection – ️ Peaceful Environment – ️ 24/7 Water Supply – ️ No Vehicle & Sound Pollution For More Information Contact Details Indus Property Nepal Pvt. Ltd Email: [](mailto:) Website: [ Facebook Page: [Indus Property]( Instagram: [Contact Us]( #realestateagent #propertyinnepall #foryoupagereels #trendingreelsvideo #kathmandu #lalitpur #Induspropertynepal #TrustedRealEstateExpert #realestateexpertpert #toprealestateagent #propertynepalofficial #nepalhousingmarket",kathmandu,gharghaderi.com
7972,"Apartment on rent at Grandy Tower, Kathmandu",65000.0,1369.0,13.0,"Grandy Tower Kathmandu Metropolis Kathmandu, Bagmati",,Grandy Tower Kathmandu Metropolis,Kathmandu,apartments,,South,3.0,2.0,,1.0,,Motorcycle,,,Select Year,"Apartment on Rent at Grandy Tower, Kathmandu Key Features: Property Code:-HR 212 Price :- 65K Per Month Location:- Grandy Tower Bedrooms:- 3 Bathrooms:-2 Living Hall:-1 Modular Kitchen & Dining:-1 Furnishings: Semi-Furnished Facing:- South Storey:-6 Contact Us Phone Numbers –  984-5877861 –  9762791734 –  9762791735 – 9864032233 – 9766389438 ️ Facilities – ️ Electricity – ️ Cable Connection – ️ Peaceful Environment – ️ 24/7 Water Supply – ️ No Vehicle & Sound Pollution For More Information Contact Details Indus Property Nepal Pvt. Ltd Email: [](mailto:) Website: [ Facebook Page: [Indus Property]( Instagram: [Contact Us]( #realestateagent #propertyinnepall #foryoupagereels #trendingreelsvideo #kathmandu #lalitpur #Induspropertynepal #TrustedRealEstateExpert #realestateexpertpert #toprealestateagent #propertynepalofficial #nepalhousingmarket",kathmandu,gharghaderi.com
7925,furnished apartment on rent at maharajgunj,90000.0,5476.0,20.0,"Maharajgunj 3 Kathmandu Metropolis Kathmandu, Bagmati",3.0,Kathmandu Metropolis,Kathmandu,apartments,,Select Direction,2.0,2.0,,1.0,,Car 1,,1.0,Select Year,"Code:FHS151F Apartment building 2 bedroom, living, kitchen 2 Bathroom Furnished Apartment 1st floor 24 hours hot/cold water Parking space Near main areas Rent 90k ===================== Call Viber WhatsApp Wechat 9863680035,9813794428",kathmandu,gharghaderi.com
7343,Apartment On Rent,130000.0,,,"Naxal Kathmandu Metropolis Kathmandu, Bagmati",,Naxal Kathmandu Metropolis,Kathmandu,apartments,,Select Direction,3.0,2.0,,1.0,,Motorcycle,,1.0,Select Year,"3BHK Fully-Furnished Apartment for Rent at Naxal, Kathmandu 🇳🇵 Property Code:-IPAR-H 2135 Location:- Naxal, Kathmandu Rent:- 130k Bedrooms:-3 Bathrooms:- Living Hall:-1 Modular Kitchen & Dining:-1 Furnishings: Fully-Furnished Parking:- Yes Storey:-1 Contact Us Phone & WhatsApp Numbers –  9762791735 –  9762791734 –  984-5877861 – 9864032233 ️ Facilities – ️ Electricity – ️ Cable Connection – ️ Peaceful Environment – ️ 24/7 Water Supply – ️ No Vehicle & Sound Pollution — For More Information Contact Details Indus Property Nepal Pvt. Ltd Email: [] Website: [ Facebook Page: [Indus Property]( Instagram: [Contact Us]( #RealEstate #PropertyInNepal #ForRent #Trending #Kathmandu #lalitpur #RealEstateNepal #NepalProperty #buysellrentnepal #HouseForSaleNepal #LandForSaleNepal #luxuryhomesnepal #investmentnepal #propertydealsnepal",kathmandu,gharghaderi.com
6849,"Apartment On Rent;- TCH Tower 2 Apartment Lazimpath, Kathmandu",120000.0,,22.0,"Lazimpath 8 Kathmandu Metropolis Kathmandu, Bagmati",8.0,Kathmandu Metropolis,Kathmandu,apartments,,East,3.0,2.0,,1.0,,,,1.0,2081,"Apartment On Rent;- TCH Tower 2 Apartment Lazimpath, Kathmandu Lazimpath, Kathmandu Need a place to call home? Look no further! Stunning apartment available for Rent at an affordable price! Location: Lazimpath, Kathmandu Bedrooms: 3 BHK{Fully- Furnished} Bathrooms: 2 price: 120 K {per Month} Property code: IPA-A1075 Features: –   Abundant natural light and beautiful city views –   Access to amenities like a gym, swimming pool, and recreational space –   Conveniently situated with easy access to transportation 𝐅𝐨𝐫 𝐌𝐨𝐫𝐞 𝐃𝐞𝐭𝐚𝐢𝐥𝐬: 𝐖𝐡𝐚𝐭𝐬𝐚𝐩𝐩/𝐕𝐢𝐛𝐞𝐫: 9762791735 9762791734 9845877861 9864032233 ======================================= Facilities:- Electricity Telephone Cable connection Peaceful environment 24/7 Water supply No vehicle & sound pollution Sunlight and Cross Ventilation Garbage management ======================================= For more information Contact Details:- Indus property Nepal Pvt.Ltd Email: webpage:  Page:   i=xlr2fj6ioiw1&utm_content=qbf6lnm( follow us in Instagram ) #apartmentforrent #apartment",kathmandu,gharghaderi.com
6782,Apartment On Rent;-TCH Tower 2 Apartment Lazimpath,120000.0,,20.0,"Lazimpath 8 Kathmandu Metropolis Kathmandu, Bagmati",8.0,Kathmandu Metropolis,Kathmandu,apartments,,West,3.0,2.0,,1.0,,,,1.0,2081,"Apartment On Rent;- TCH Tower 2 Apartment Lazimpath, Kathmandu Lazimpath, Kathmandu Need a place to call home? Look no further! Stunning apartment available for Rent at an affordable price! Location: Lazimpath, Kathmandu Bedrooms: 3 BHK{Fully- Furnished} Bathrooms: 2 price: 120 K {per Month} Property code: IPA-A1075 Features: –   Abundant natural light and beautiful city views –   Access to amenities like a gym, swimming pool, and recreational space –   Conveniently situated with easy access to transportation 𝐅𝐨𝐫 𝐌𝐨𝐫𝐞 𝐃𝐞𝐭𝐚𝐢𝐥𝐬: 𝐖𝐡𝐚𝐭𝐬𝐚𝐩𝐩/𝐕𝐢𝐛𝐞𝐫: 9762791735 9762791734 9845877861 9864032233 ======================================= Facilities:- Electricity Telephone Cable connection Peaceful environment 24/7 Water supply No vehicle & sound pollution Sunlight and Cross Ventilation Garbage management ======================================= For more information Contact Details:- Indus property Nepal Pvt.Ltd Email: webpage:  Page:   i=xlr2fj6ioiw1&utm_content=qbf6lnm( follow us in Instagram ) #apartmentforrent #apartment",kathmandu,gharghaderi.com
6161,Apartment for Rent - Beautiful Apartment | Location,26000.0,2395.75,,"Banasthali Kathmandu Metropolis Kathmandu, Bagmati",,Banasthali Kathmandu Metropolis,Kathmandu,apartments,,Select Direction,2.0,1.0,,1.0,,Cars 2,,1.0,2070,"2 Bedroom flat available to rent Interested call this no : 9841322841 *Location : Banasthali ( 2 min drive from Banasthali chwok, 10m walking distance to Shyambhu stupa, 20m walking distance to Thamel) *Bed : 2 bedroom *Living room : 1 *Kitchen:1 *Toilet : 1 *Parking facility : available for 2 & 4 wheelers *Water: hot & cold both available *Garden : yes Owners expectation : looking for a small decent family Contact no: 9841322841 Name : Samir",kathmandu,gharghaderi.com
6090,Machhapokhari whole house for rent what's app me,100000.0,,13.0,"Balaju 16 Kathmandu Metropolis Kathmandu, Bagmati",16.0,Kathmandu Metropolis,Kathmandu,apartments,,Select Direction,3.0,3.0,,3.0,,Motorcycle,900.0,3.0,2081,Full apartment House is for rent,kathmandu,gharghaderi.com
5854,"3BHK Apartment on rent at Maharajgunj, KTM",70000.0,54760.0,13.0,"Maharajgunj Kathmandu Metropolis Kathmandu, Bagmati",,Maharajgunj Kathmandu Metropolis,Kathmandu,apartments,,South East,3.0,3.0,,1.0,,Cars 10-15,,1.0,2069,"𝐅𝐨𝐫 𝐒𝐚𝐥𝐞: काठमाडौँ,  काठमाडौँ नगरपालिका, महाराजगन्ज, Chappal Karkhana बाट १०० मीटरको दुरीमा १० रोपनी जग्गामा फैलिएको अपार्टमेन्ट भाडामा छ। 𝐏𝐫𝐨𝐩𝐞𝐫𝐭𝐲 𝐂𝐨𝐝𝐞: SSKTM304 अन्य जानकारीको लागि: Website: YouTube: ========================= 𝐏𝐫𝐨𝐩𝐞𝐫𝐭𝐲 𝐃𝐞𝐬𝐜𝐫𝐢𝐩𝐭𝐢𝐨𝐧: Land: 10 Ropani Type: 3BHK Apartment Bedroom: 3 Bathroom: 3 Living: 1 Kitchen: 1 Furnishing: Fully-Furnished Face: South-East Floor: Ground Floor Road: 20 Feet Parking: Yes Price: On Call Location: Maharajgunj, KTM For More Details: Whatsapp/Viber 🇳🇵+977 9801307990 ========================= 𝐅𝐨𝐫 𝐦𝐨𝐫𝐞 𝐢𝐧𝐟𝐨𝐫𝐦𝐚𝐭𝐢𝐨𝐧: 𝐂𝐨𝐧𝐭𝐚𝐜𝐭 𝐃𝐞𝐭𝐚𝐢𝐥𝐬: 01- 4597400 (𝐃𝐮𝐫𝐢𝐧𝐠 𝐎𝐟𝐟𝐢𝐜𝐞 𝐇𝐨𝐮𝐫𝐬) 9801307990, 9851349120 Ratopul, Kathmandu #SaraSewa #SaraSewaNepal #RealEstateNepal #Maharajgunj #KTM",kathmandu,gharghaderi.com
3619,3BHK Furnished Apartment Rent In Sitapaila KTM,55000.0,1200.0,,"Sitapaila Kathmandu Metropolis Kathmandu, State 3",3.0,Sitapaila Kathmandu Metropolis,Kathmandu,apartments,,East,3.0,2.0,,,,Motorbike,,1.0,2076,"3 Bhk for rent in TCH Apartments, Sitapaila Attributes: - 3bhk wth 2 bathrooms, one attached to the masterbedroom. - Fully furnished with beds, cupboards, TV, washing machine, sofa, refrigerator, oven, geyser, water etc. - South facing with ample sunlight - 4th floor with great panoramic view - 24 hr security guard - Swimming pool - 3 mins walk to ring road and bus stop - 2 mins walk to Suvekshya Hospital. - 3 mins walk to Salesberry supermarket. Contact: R Bajracharya: 9801390878 , 9849851557",kathmandu,gharghaderi.com
3330,3BHK full furnished for rent/ Suncity Apartment,65000.0,1187.0,6.0,"Kadaghari, Pepsicola 9 Kathmandu Metropolis Kathmandu, State 3",9.0,Kathmandu Metropolis,Kathmandu,apartments,,South east,3.0,2.0,,,,Car 1,,1.0,2070,"A fully furnished apartment is for rent at Kadaghari, Kathmandu at a reasonable price. This flat of Suncity Apartment lies on the 4th floor.3 Bed + 2 Toilet; Area 1187 sq ft; Balcony = 70 sq ft has road access of 20 ft wide Pitched road. This apartment has a total no of 3 bedrooms, 1 living room, 1 kitchen, 2 bathrooms. 1 bathroom is attached with a master bedroom and another is common. The basic necessary facilities of water supply, electricity, garbage disposal, Gym, Swimming pool, Parking space, and few more things are available. This is a pet-friendly area with a garden area and playground space. This apartment is some meter distance from Kadaghari Police Station and Sunrise Bank. It is located at a prime location where many schools, shops, colleges, banks, Restaurant is available near this place. The price can be negotiable for potential buyers. Reason to stay in *** Beautifully landscaped complex *** Shopping mall, academic and health care facilities nearby *** Gym with swimming pool *** Play zone for children *** Multipurpose hall for private functions *** Two(one 12 passengers) elevators in each tower *** Amphitheatre and jogging track *** 75% open area *** Earthquake resistance RCC frame structure *** Regular water supply *** Temple *** Space for laundry *** Basket Ball and Badminton Court *** Round the clock security *** Ample car and bike parking both overground and underground *** Firefighting system *** Standby generator for emergency power supply *** ATM within the township *** Excellent transport links and availability *** friendly local and tourist information service to the guest *** wonderful city, hills, and mountain views from every room. *** Close to the Airport *** Very close to all the major tourist destinations. *** very low price as it is under negotiated deals. Distance from the Apartment City center 6 Km Pashupati Nath Temple : 3 km Bhaktapur: 7 km Patan : 3 km Airport 2 km Boudhanath: 3.5 km Airport:.3.5 km",kathmandu,gharghaderi.com
3095,1 bedroom furnished apartment for rent in Lazimpat,45000.0,1500.0,13.0,"Gyandeep Marg, Lazimpat 2 Kathmandu Kathmandu, State 3",2.0,,Kathmandu,apartments,,North,1.0,1.0,,,,Car 1,,1.0,2071,"We have 1 Bedroom furnished air-conditioned apartment for rent in Lazimpat on ground floor. There is 1 bedroom with AC, bathroom, kitchen with all kitchenware, utensils, fridge, oven etc. Monthly rent NPR 45000/- Rent includes: Cooking Gas, Electricity, Drinking water, wifi, parking, hot&cold water, etc Contact: Namaste Apartment Gyandeep Marg, Lazimpat, Kathmandu Call: +977-9860328841 Viber/WhatsApp +977-9851001068",kathmandu,gharghaderi.com
7548,House on sale at hepali golfutar sold,40000000.0,1540.12,16.0,"Galfutar Budhanilkantha Kathmandu, Bagmati",,,Kathmandu,apartments,Residential,South West,4.0,5.0,1.0,1.0,6.0,Cars 2,,2.5,2078,"Code:FHS222H House on sale at hepali 4.5 aana 13ft road 4bhk 5 bathroom west south face 4cr nego ==================== Call Viber WhatsApp 9863680035,9813794428",kathmandu,gharghaderi.com
3372,"4.5 Storey House On Sale. Nepaltar, Kathmandu (Negotiable)",38000000.0,,13.0,"tarksewor 04 Kathmandu Metropolis Kathmandu, State 3",4.0,Kathmandu Metropolis,Kathmandu,apartments,Semi-commercial,North east,8.0,5.0,15.0,,,Car 1,,4.5,2073,"If you want a Pre built House with Easy rentable Rooms And Enough Living Space For a Nuclear or Joint family Alike Look NO Further .It is Located in GandeshMan Marga Near Srijana gyan sagar school .Just 1.1 KM From Ring Road Maccha Pokahri . It Has good  Availability of Water and all the basic necessity shops like Retail store, Wholesale store, Medical Store , Restaurant & good local school are in 2 minute Walking Distance . Facilities like Hospital and  Gyms & supermarket are within 10 minute of walking distance. Can Earn Minimum Of 60 Thousand-80 Thousand in Rent Monthly. If you have Any Inquiry Or need appointment call 9765554197 on Phone Or viber . Some Feature Are Listed Below :- 1) Good and enough Supply of Water 2) Ample Parking Space for 1 Car And Few Bikes 3) Easy mode of Transportation (Just 1.1 Km From Main Chowk Of Macchapokahri RingRoad) 4) 17 Rooms Within 5 Storey 5) Rooms To be Rented Never Goes Free (high Demand Of Rented Room ) 6) All Basic Necessity Services Within 2 Min of walking distance For Eg Retail Shop, Medical Shop+ Treatment Center , Wholesale Shop,  Clothes Shop And many more 7) Services Like Hospital and Schools and Gyms Within 5-10 Minutes Of Walking Distance 8) 20 Ft of Road Outside And 13 feet of Road Inside 9) Is the Second House From main 20 Ft Road so no Traffic and Fear Of Electrical Lines 10 ) Good View of Surrounding and Raniban 11) Peaceful Environment And Many more If you want a Pre built House with Easy rentable Rooms And Enough Living Space For a Nuclear or Joint family Alike Look NO Further Floor Wise Specification Floor 1-3 ( 4 Rooms , 2 Big Size 1 Medium Sized room and 1 Kitchen ) + A Bathroom Good To rent Floor 4 2 Big Sized Room And 1 Medium Sized Room + 1 bathroom Has a Balcony Which Can be Converted into a Medium Sized Room IF Necessary Floor 5 1 Kitchen and 1 Medium Sized Room +1 Bathroom + 1 Terrace Tap space + A good Balcony With Ample space Terrace Has Water Tanks and Can be used to Sun bathe",kathmandu,gharghaderi.com
3096,House on Sale at Goldhunga Kathmandu,19000000.0,,13.0,"Goldunga 04 Tarkeshwor Kathmandu, Bagmati",4.0,,Kathmandu,apartments,Semi-commercial,South east,8.0,3.0,2.0,2.0,11.0,Motorbike,,2.5,2070,"Click to watch house video: Description Beautiful house with amazing scene from top is on sale. East-South facing house. 3.5 floor house is made in 3 ana jagga with 11 rooms altogether. Afno family 4 rooms flat ma basera pani. Monthly rent 30000+ uthxa ghar bata. Every rooms have solar lights so no worry for loadsedding. Also hot and cold water in bathroom. With Landline Telephone and Cable Channel set in this House Building structure . 1. Ground floor= Vitri-Bahiri kotha + big hall room with common toilet . 2. 1st floor= 4 rooms with furnished bathroom+ toilet . 3. 2nd floor= 2bedroom+ living room + big furnished toilet/bathroom + Baranda (also you can add room on it) 4. 3rd floor= 1 big furnished kitchen with big terrace . We are moving to abroad and willing to sell house urgently with its furniture and applicances. With this amount 1.90 cr you will get all the furnitures and applicances from house like: Tv, fridge, cupboard, king size bed, racks, washing maschine, curtains, gas gyesar, dinning table, sofa, carpet, matress etc etc. . . House has sufficent water facility with two Dhara + inar. And it consits of Reserve tanky Please only come to vist or call if you are genuine buyers. Broker haru le kasta nagarnu hola. No brokers please",kathmandu,gharghaderi.com
